source,target,M00,M01,M02,M10,M11,M12
Dataset/synthetic_shape_dataset/star_20_original.png,Dataset/synthetic_shape_dataset/star_20_transformed_0.png,1.0,0.0,0.04670015747835024,0.0,1.0,0.19173329678343431
Dataset/synthetic_shape_dataset/star_20_original.png,Dataset/synthetic_shape_dataset/star_20_transformed_1.png,1.0,0.0,-0.12928383275464667,0.0,1.0,-0.12739575027687594
Dataset/synthetic_shape_dataset/star_21_original.png,Dataset/synthetic_shape_dataset/star_21_transformed_0.png,1.0,0.0,-0.03010819373990628,0.0,1.0,0.16862765689457737
Dataset/synthetic_shape_dataset/star_21_original.png,Dataset/synthetic_shape_dataset/star_21_transformed_1.png,1.0,0.0,0.1554389242180675,0.0,1.0,-0.021862938715063063
Dataset/synthetic_shape_dataset/star_22_original.png,Dataset/synthetic_shape_dataset/star_22_transformed_0.png,1.0,0.0,0.07335209739254467,0.0,1.0,-0.12751685164379456
Dataset/synthetic_shape_dataset/star_22_original.png,Dataset/synthetic_shape_dataset/star_22_transformed_1.png,1.0,0.0,0.14942203819963973,0.0,1.0,-0.018167030413227703
Dataset/synthetic_shape_dataset/star_23_original.png,Dataset/synthetic_shape_dataset/star_23_transformed_0.png,1.0,0.0,0.11563106610540014,0.0,1.0,-0.1964104359568698
Dataset/synthetic_shape_dataset/star_23_original.png,Dataset/synthetic_shape_dataset/star_23_transformed_1.png,1.0,0.0,0.07295441540344061,0.0,1.0,-0.19479598418376276
Dataset/synthetic_shape_dataset/star_24_original.png,Dataset/synthetic_shape_dataset/star_24_transformed_0.png,1.0,0.0,-0.04912531949008389,0.0,1.0,0.12571006023593245
Dataset/synthetic_shape_dataset/star_24_original.png,Dataset/synthetic_shape_dataset/star_24_transformed_1.png,1.0,0.0,0.05359266274264085,0.0,1.0,0.15423585580274984
Dataset/synthetic_shape_dataset/star_25_original.png,Dataset/synthetic_shape_dataset/star_25_transformed_0.png,1.0,0.0,-0.05012456933256795,0.0,1.0,-0.050130373132067335
Dataset/synthetic_shape_dataset/star_25_original.png,Dataset/synthetic_shape_dataset/star_25_transformed_1.png,1.0,0.0,0.04036620352925002,0.0,1.0,-0.186453753095639
Dataset/synthetic_shape_dataset/star_26_original.png,Dataset/synthetic_shape_dataset/star_26_transformed_0.png,1.0,0.0,0.09074182236832279,0.0,1.0,0.053961779354427974
Dataset/synthetic_shape_dataset/star_26_original.png,Dataset/synthetic_shape_dataset/star_26_transformed_1.png,1.0,0.0,0.047592557520765355,0.0,1.0,0.030294433247544467
Dataset/synthetic_shape_dataset/star_27_original.png,Dataset/synthetic_shape_dataset/star_27_transformed_0.png,1.0,0.0,-0.12786200545036053,0.0,1.0,0.0531412540142685
Dataset/synthetic_shape_dataset/star_27_original.png,Dataset/synthetic_shape_dataset/star_27_transformed_1.png,1.0,0.0,0.186880669879732,0.0,1.0,0.1499969264644967
Dataset/synthetic_shape_dataset/star_28_original.png,Dataset/synthetic_shape_dataset/star_28_transformed_0.png,1.0,0.0,-0.1268831492025712,0.0,1.0,0.050587541788972346
Dataset/synthetic_shape_dataset/star_28_original.png,Dataset/synthetic_shape_dataset/star_28_transformed_1.png,1.0,0.0,-0.03887274472055341,0.0,1.0,0.08359232747678957
Dataset/synthetic_shape_dataset/star_29_original.png,Dataset/synthetic_shape_dataset/star_29_transformed_0.png,1.0,0.0,-0.16414445672150163,0.0,1.0,0.08283186987236707
Dataset/synthetic_shape_dataset/star_29_original.png,Dataset/synthetic_shape_dataset/star_29_transformed_1.png,1.0,0.0,-0.08841039419936121,0.0,1.0,0.08942266620452072
Dataset/synthetic_shape_dataset/star_30_original.png,Dataset/synthetic_shape_dataset/star_30_transformed_0.png,1.0,0.0,0.05856498708927471,0.0,1.0,-0.0823380350026374
Dataset/synthetic_shape_dataset/star_30_original.png,Dataset/synthetic_shape_dataset/star_30_transformed_1.png,1.0,0.0,-0.11542328843170663,0.0,1.0,-0.08295260942809338
Dataset/synthetic_shape_dataset/star_31_original.png,Dataset/synthetic_shape_dataset/star_31_transformed_0.png,1.0,0.0,-0.04169905385089484,0.0,1.0,0.19581252839323954
Dataset/synthetic_shape_dataset/star_31_original.png,Dataset/synthetic_shape_dataset/star_31_transformed_1.png,1.0,0.0,-0.053085228006626795,0.0,1.0,-0.1061312134613798
Dataset/synthetic_shape_dataset/star_32_original.png,Dataset/synthetic_shape_dataset/star_32_transformed_0.png,1.0,0.0,0.00869284351962571,0.0,1.0,-0.02111799971370587
Dataset/synthetic_shape_dataset/star_32_original.png,Dataset/synthetic_shape_dataset/star_32_transformed_1.png,1.0,0.0,0.17198668516429694,0.0,1.0,-0.1942334635093177
Dataset/synthetic_shape_dataset/star_33_original.png,Dataset/synthetic_shape_dataset/star_33_transformed_0.png,1.0,0.0,0.054317626031325505,0.0,1.0,0.1292584320053195
Dataset/synthetic_shape_dataset/star_33_original.png,Dataset/synthetic_shape_dataset/star_33_transformed_1.png,1.0,0.0,0.041508614193151244,0.0,1.0,-0.08009267942272871
Dataset/synthetic_shape_dataset/star_34_original.png,Dataset/synthetic_shape_dataset/star_34_transformed_0.png,1.0,0.0,0.09228235988488398,0.0,1.0,-0.10681473504495309
Dataset/synthetic_shape_dataset/star_34_original.png,Dataset/synthetic_shape_dataset/star_34_transformed_1.png,1.0,0.0,-0.07459374179707301,0.0,1.0,-0.06423059464696132
Dataset/synthetic_shape_dataset/star_35_original.png,Dataset/synthetic_shape_dataset/star_35_transformed_0.png,1.0,0.0,0.1978406034284496,0.0,1.0,0.063778355367819
Dataset/synthetic_shape_dataset/star_35_original.png,Dataset/synthetic_shape_dataset/star_35_transformed_1.png,1.0,0.0,0.032764594057053426,0.0,1.0,0.1829652294754286
Dataset/synthetic_shape_dataset/star_36_original.png,Dataset/synthetic_shape_dataset/star_36_transformed_0.png,1.0,0.0,0.17543574703560338,0.0,1.0,-0.07296742888126367
Dataset/synthetic_shape_dataset/star_36_original.png,Dataset/synthetic_shape_dataset/star_36_transformed_1.png,1.0,0.0,-0.16338524602112492,0.0,1.0,-0.1699584174646884
Dataset/synthetic_shape_dataset/star_37_original.png,Dataset/synthetic_shape_dataset/star_37_transformed_0.png,1.0,0.0,0.0013420130232559002,0.0,1.0,0.10940663020334523
Dataset/synthetic_shape_dataset/star_37_original.png,Dataset/synthetic_shape_dataset/star_37_transformed_1.png,1.0,0.0,0.12110938048325964,0.0,1.0,0.1994250515979445
Dataset/synthetic_shape_dataset/star_38_original.png,Dataset/synthetic_shape_dataset/star_38_transformed_0.png,1.0,0.0,-0.060529718774041646,0.0,1.0,0.1456113127793452
Dataset/synthetic_shape_dataset/star_38_original.png,Dataset/synthetic_shape_dataset/star_38_transformed_1.png,1.0,0.0,0.053329705343795,0.0,1.0,0.1294089520402507
Dataset/synthetic_shape_dataset/star_39_original.png,Dataset/synthetic_shape_dataset/star_39_transformed_0.png,1.0,0.0,-0.06489295575093781,0.0,1.0,-0.1245762866098512
Dataset/synthetic_shape_dataset/star_39_original.png,Dataset/synthetic_shape_dataset/star_39_transformed_1.png,1.0,0.0,-0.17629200239455517,0.0,1.0,-0.19438436102026252
Dataset/synthetic_shape_dataset/star_40_original.png,Dataset/synthetic_shape_dataset/star_40_transformed_0.png,1.0,0.0,-0.10521097473385321,0.0,1.0,-0.07240170455157033
Dataset/synthetic_shape_dataset/star_40_original.png,Dataset/synthetic_shape_dataset/star_40_transformed_1.png,1.0,0.0,0.17194484611404665,0.0,1.0,-0.1981553459656693
Dataset/synthetic_shape_dataset/star_41_original.png,Dataset/synthetic_shape_dataset/star_41_transformed_0.png,1.0,0.0,0.04239368287491882,0.0,1.0,0.17191773313424524
Dataset/synthetic_shape_dataset/star_41_original.png,Dataset/synthetic_shape_dataset/star_41_transformed_1.png,1.0,0.0,0.1497846899907878,0.0,1.0,-0.14785075312220233
Dataset/synthetic_shape_dataset/star_42_original.png,Dataset/synthetic_shape_dataset/star_42_transformed_0.png,1.0,0.0,0.05702544558521505,0.0,1.0,-0.06052619084719418
Dataset/synthetic_shape_dataset/star_42_original.png,Dataset/synthetic_shape_dataset/star_42_transformed_1.png,1.0,0.0,-0.10006174696932835,0.0,1.0,0.1376493944447475
Dataset/synthetic_shape_dataset/star_43_original.png,Dataset/synthetic_shape_dataset/star_43_transformed_0.png,1.0,0.0,0.09274734883145525,0.0,1.0,0.027076040963901482
Dataset/synthetic_shape_dataset/star_43_original.png,Dataset/synthetic_shape_dataset/star_43_transformed_1.png,1.0,0.0,0.07972697183013827,0.0,1.0,0.14117010491145138
Dataset/synthetic_shape_dataset/star_44_original.png,Dataset/synthetic_shape_dataset/star_44_transformed_0.png,1.0,0.0,-0.08676192529449148,0.0,1.0,-0.11160387643010426
Dataset/synthetic_shape_dataset/star_44_original.png,Dataset/synthetic_shape_dataset/star_44_transformed_1.png,1.0,0.0,0.1426193057610119,0.0,1.0,0.14251303040655694
Dataset/synthetic_shape_dataset/star_45_original.png,Dataset/synthetic_shape_dataset/star_45_transformed_0.png,1.0,0.0,0.1609374291115569,0.0,1.0,0.16366913371035186
Dataset/synthetic_shape_dataset/star_45_original.png,Dataset/synthetic_shape_dataset/star_45_transformed_1.png,1.0,0.0,-0.004205597503127073,0.0,1.0,-0.17179685999893476
Dataset/synthetic_shape_dataset/star_46_original.png,Dataset/synthetic_shape_dataset/star_46_transformed_0.png,1.0,0.0,0.042701881851168355,0.0,1.0,-0.053254591208155955
Dataset/synthetic_shape_dataset/star_46_original.png,Dataset/synthetic_shape_dataset/star_46_transformed_1.png,1.0,0.0,0.05157582857473081,0.0,1.0,0.13492062454505893
Dataset/synthetic_shape_dataset/star_47_original.png,Dataset/synthetic_shape_dataset/star_47_transformed_0.png,1.0,0.0,0.15015138295814484,0.0,1.0,0.03519675310972864
Dataset/synthetic_shape_dataset/star_47_original.png,Dataset/synthetic_shape_dataset/star_47_transformed_1.png,1.0,0.0,-0.12335272205057635,0.0,1.0,0.05275051134865605
Dataset/synthetic_shape_dataset/star_48_original.png,Dataset/synthetic_shape_dataset/star_48_transformed_0.png,1.0,0.0,-0.15500008040475932,0.0,1.0,-0.03662582944603279
Dataset/synthetic_shape_dataset/star_48_original.png,Dataset/synthetic_shape_dataset/star_48_transformed_1.png,1.0,0.0,-0.07033435556261788,0.0,1.0,0.006758632290214894
Dataset/synthetic_shape_dataset/star_49_original.png,Dataset/synthetic_shape_dataset/star_49_transformed_0.png,1.0,0.0,-0.038447736637055474,0.0,1.0,-0.10289532705686973
Dataset/synthetic_shape_dataset/star_49_original.png,Dataset/synthetic_shape_dataset/star_49_transformed_1.png,1.0,0.0,-0.152154278138401,0.0,1.0,-0.1575751689242888
Dataset/synthetic_shape_dataset/star_50_original.png,Dataset/synthetic_shape_dataset/star_50_transformed_0.png,1.0,0.0,0.06181507237999062,0.0,1.0,-0.12136845490144332
Dataset/synthetic_shape_dataset/star_50_original.png,Dataset/synthetic_shape_dataset/star_50_transformed_1.png,1.0,0.0,0.15023878832984366,0.0,1.0,0.0851328226919007
Dataset/synthetic_shape_dataset/star_51_original.png,Dataset/synthetic_shape_dataset/star_51_transformed_0.png,1.0,0.0,-0.19312790242906386,0.0,1.0,0.023444390696241962
Dataset/synthetic_shape_dataset/star_51_original.png,Dataset/synthetic_shape_dataset/star_51_transformed_1.png,1.0,0.0,-0.14528226612724382,0.0,1.0,-0.1729042360638741
Dataset/synthetic_shape_dataset/star_52_original.png,Dataset/synthetic_shape_dataset/star_52_transformed_0.png,1.0,0.0,-0.019906279355519585,0.0,1.0,-0.15928878159559764
Dataset/synthetic_shape_dataset/star_52_original.png,Dataset/synthetic_shape_dataset/star_52_transformed_1.png,1.0,0.0,-0.18915894207792516,0.0,1.0,-0.024677175970620413
Dataset/synthetic_shape_dataset/star_53_original.png,Dataset/synthetic_shape_dataset/star_53_transformed_0.png,1.0,0.0,-0.16097089175882587,0.0,1.0,0.11579073543344759
Dataset/synthetic_shape_dataset/star_53_original.png,Dataset/synthetic_shape_dataset/star_53_transformed_1.png,1.0,0.0,0.0980385777804409,0.0,1.0,-0.004968558509469645
Dataset/synthetic_shape_dataset/star_54_original.png,Dataset/synthetic_shape_dataset/star_54_transformed_0.png,1.0,0.0,-0.19957205538984618,0.0,1.0,0.1662192169969713
Dataset/synthetic_shape_dataset/star_54_original.png,Dataset/synthetic_shape_dataset/star_54_transformed_1.png,1.0,0.0,-0.11962344440246474,0.0,1.0,0.0176746904142277
Dataset/synthetic_shape_dataset/star_55_original.png,Dataset/synthetic_shape_dataset/star_55_transformed_0.png,1.0,0.0,-0.18551181658392682,0.0,1.0,0.1941131101829467
Dataset/synthetic_shape_dataset/star_55_original.png,Dataset/synthetic_shape_dataset/star_55_transformed_1.png,1.0,0.0,-0.10697344942090288,0.0,1.0,-0.05931210800528541
Dataset/synthetic_shape_dataset/star_56_original.png,Dataset/synthetic_shape_dataset/star_56_transformed_0.png,1.0,0.0,-0.08234015827143688,0.0,1.0,-0.13539503618888588
Dataset/synthetic_shape_dataset/star_56_original.png,Dataset/synthetic_shape_dataset/star_56_transformed_1.png,1.0,0.0,0.15776811593286605,0.0,1.0,0.01611380947364499
Dataset/synthetic_shape_dataset/star_57_original.png,Dataset/synthetic_shape_dataset/star_57_transformed_0.png,1.0,0.0,-0.12245292663240015,0.0,1.0,0.13592582331032482
Dataset/synthetic_shape_dataset/star_57_original.png,Dataset/synthetic_shape_dataset/star_57_transformed_1.png,1.0,0.0,0.042596585075078325,0.0,1.0,-0.17455780590534317
Dataset/synthetic_shape_dataset/star_58_original.png,Dataset/synthetic_shape_dataset/star_58_transformed_0.png,1.0,0.0,0.02678013114709374,0.0,1.0,-0.061569306445438315
Dataset/synthetic_shape_dataset/star_58_original.png,Dataset/synthetic_shape_dataset/star_58_transformed_1.png,1.0,0.0,-0.07410106439886807,0.0,1.0,0.09378806817231816
Dataset/synthetic_shape_dataset/star_59_original.png,Dataset/synthetic_shape_dataset/star_59_transformed_0.png,1.0,0.0,-0.13023014334058272,0.0,1.0,0.08661320873491907
Dataset/synthetic_shape_dataset/star_59_original.png,Dataset/synthetic_shape_dataset/star_59_transformed_1.png,1.0,0.0,0.08354813396477867,0.0,1.0,-0.08879078465203212
Dataset/synthetic_shape_dataset/star_60_original.png,Dataset/synthetic_shape_dataset/star_60_transformed_0.png,1.0,0.0,-0.15297598666473733,0.0,1.0,0.005620070052099774
Dataset/synthetic_shape_dataset/star_60_original.png,Dataset/synthetic_shape_dataset/star_60_transformed_1.png,1.0,0.0,0.00191408633967044,0.0,1.0,0.03642663397673318
Dataset/synthetic_shape_dataset/star_61_original.png,Dataset/synthetic_shape_dataset/star_61_transformed_0.png,1.0,0.0,-0.012130944485778172,0.0,1.0,0.13113116063669228
Dataset/synthetic_shape_dataset/star_61_original.png,Dataset/synthetic_shape_dataset/star_61_transformed_1.png,1.0,0.0,-0.09439481912661299,0.0,1.0,0.11661968952365442
Dataset/synthetic_shape_dataset/star_62_original.png,Dataset/synthetic_shape_dataset/star_62_transformed_0.png,1.0,0.0,-0.001975861972795423,0.0,1.0,-0.04163015540714418
Dataset/synthetic_shape_dataset/star_62_original.png,Dataset/synthetic_shape_dataset/star_62_transformed_1.png,1.0,0.0,0.03888764686260421,0.0,1.0,0.05565602607139364
Dataset/synthetic_shape_dataset/star_63_original.png,Dataset/synthetic_shape_dataset/star_63_transformed_0.png,1.0,0.0,-0.11728967811279363,0.0,1.0,-0.02602932488373666
Dataset/synthetic_shape_dataset/star_63_original.png,Dataset/synthetic_shape_dataset/star_63_transformed_1.png,1.0,0.0,-0.0524944017205404,0.0,1.0,-0.03909595854441586
Dataset/synthetic_shape_dataset/star_64_original.png,Dataset/synthetic_shape_dataset/star_64_transformed_0.png,1.0,0.0,0.0838543937642049,0.0,1.0,0.017699305613355282
Dataset/synthetic_shape_dataset/star_64_original.png,Dataset/synthetic_shape_dataset/star_64_transformed_1.png,1.0,0.0,-0.006085841755069044,0.0,1.0,0.12348533042488369
Dataset/synthetic_shape_dataset/star_65_original.png,Dataset/synthetic_shape_dataset/star_65_transformed_0.png,1.0,0.0,0.16042446974596392,0.0,1.0,-0.16165039885170318
Dataset/synthetic_shape_dataset/star_65_original.png,Dataset/synthetic_shape_dataset/star_65_transformed_1.png,1.0,0.0,-0.11374809785685538,0.0,1.0,-0.1896891744474445
Dataset/synthetic_shape_dataset/star_66_original.png,Dataset/synthetic_shape_dataset/star_66_transformed_0.png,1.0,0.0,-0.13230078678223522,0.0,1.0,0.08334736698637146
Dataset/synthetic_shape_dataset/star_66_original.png,Dataset/synthetic_shape_dataset/star_66_transformed_1.png,1.0,0.0,0.005079459811153708,0.0,1.0,-0.06251645868018377
Dataset/synthetic_shape_dataset/star_67_original.png,Dataset/synthetic_shape_dataset/star_67_transformed_0.png,1.0,0.0,-0.09224131860894219,0.0,1.0,0.16526832248115042
Dataset/synthetic_shape_dataset/star_67_original.png,Dataset/synthetic_shape_dataset/star_67_transformed_1.png,1.0,0.0,-0.0956250270842844,0.0,1.0,-0.04975137574610761
Dataset/synthetic_shape_dataset/star_68_original.png,Dataset/synthetic_shape_dataset/star_68_transformed_0.png,1.0,0.0,-0.10920370878071745,0.0,1.0,-0.13331822934010445
Dataset/synthetic_shape_dataset/star_68_original.png,Dataset/synthetic_shape_dataset/star_68_transformed_1.png,1.0,0.0,-0.16990629465237866,0.0,1.0,0.14247340010294746
Dataset/synthetic_shape_dataset/star_69_original.png,Dataset/synthetic_shape_dataset/star_69_transformed_0.png,1.0,0.0,-0.044814433563484135,0.0,1.0,-0.19311675201695022
Dataset/synthetic_shape_dataset/star_69_original.png,Dataset/synthetic_shape_dataset/star_69_transformed_1.png,1.0,0.0,0.014743754951576676,0.0,1.0,-0.16127445980977162
Dataset/synthetic_shape_dataset/star_70_original.png,Dataset/synthetic_shape_dataset/star_70_transformed_0.png,1.0,0.0,0.09923955091950426,0.0,1.0,0.1922922114722983
Dataset/synthetic_shape_dataset/star_70_original.png,Dataset/synthetic_shape_dataset/star_70_transformed_1.png,1.0,0.0,0.18508280531400761,0.0,1.0,-0.06886575350542615
Dataset/synthetic_shape_dataset/star_71_original.png,Dataset/synthetic_shape_dataset/star_71_transformed_0.png,1.0,0.0,-0.1591935932470272,0.0,1.0,-0.1264769495197438
Dataset/synthetic_shape_dataset/star_71_original.png,Dataset/synthetic_shape_dataset/star_71_transformed_1.png,1.0,0.0,-0.01236230521293144,0.0,1.0,-0.14011962094798247
Dataset/synthetic_shape_dataset/star_72_original.png,Dataset/synthetic_shape_dataset/star_72_transformed_0.png,1.0,0.0,0.035696602395473176,0.0,1.0,-0.14212941247727462
Dataset/synthetic_shape_dataset/star_72_original.png,Dataset/synthetic_shape_dataset/star_72_transformed_1.png,1.0,0.0,-0.11840150689980673,0.0,1.0,0.16125863332472773
Dataset/synthetic_shape_dataset/star_73_original.png,Dataset/synthetic_shape_dataset/star_73_transformed_0.png,1.0,0.0,-0.03287119443965661,0.0,1.0,0.06230594363934566
Dataset/synthetic_shape_dataset/star_73_original.png,Dataset/synthetic_shape_dataset/star_73_transformed_1.png,1.0,0.0,0.016637948226501997,0.0,1.0,0.062276463827327266
Dataset/synthetic_shape_dataset/star_74_original.png,Dataset/synthetic_shape_dataset/star_74_transformed_0.png,1.0,0.0,-0.09129412491496863,0.0,1.0,0.10093103669250864
Dataset/synthetic_shape_dataset/star_74_original.png,Dataset/synthetic_shape_dataset/star_74_transformed_1.png,1.0,0.0,0.16065601961360487,0.0,1.0,-0.13277920773299356
Dataset/synthetic_shape_dataset/star_75_original.png,Dataset/synthetic_shape_dataset/star_75_transformed_0.png,1.0,0.0,0.05946700898434948,0.0,1.0,-0.08640710003833858
Dataset/synthetic_shape_dataset/star_75_original.png,Dataset/synthetic_shape_dataset/star_75_transformed_1.png,1.0,0.0,-0.15658841576816285,0.0,1.0,0.024657883369041095
Dataset/synthetic_shape_dataset/star_76_original.png,Dataset/synthetic_shape_dataset/star_76_transformed_0.png,1.0,0.0,0.1054596086635346,0.0,1.0,-0.1279822498812827
Dataset/synthetic_shape_dataset/star_76_original.png,Dataset/synthetic_shape_dataset/star_76_transformed_1.png,1.0,0.0,-0.17374048202280565,0.0,1.0,0.14899764402185545
Dataset/synthetic_shape_dataset/star_77_original.png,Dataset/synthetic_shape_dataset/star_77_transformed_0.png,1.0,0.0,-0.13436714282354834,0.0,1.0,-0.0176771325277581
Dataset/synthetic_shape_dataset/star_77_original.png,Dataset/synthetic_shape_dataset/star_77_transformed_1.png,1.0,0.0,0.1155361777651977,0.0,1.0,0.01344998698024219
Dataset/synthetic_shape_dataset/star_78_original.png,Dataset/synthetic_shape_dataset/star_78_transformed_0.png,1.0,0.0,0.16246449578924338,0.0,1.0,0.19015186151887548
Dataset/synthetic_shape_dataset/star_78_original.png,Dataset/synthetic_shape_dataset/star_78_transformed_1.png,1.0,0.0,-0.1596536909136157,0.0,1.0,0.17278946035625914
Dataset/synthetic_shape_dataset/star_79_original.png,Dataset/synthetic_shape_dataset/star_79_transformed_0.png,1.0,0.0,-0.04652488188991316,0.0,1.0,-0.17646670247715873
Dataset/synthetic_shape_dataset/star_79_original.png,Dataset/synthetic_shape_dataset/star_79_transformed_1.png,1.0,0.0,0.1861558957886163,0.0,1.0,0.11593725241845332
Dataset/synthetic_shape_dataset/star_80_original.png,Dataset/synthetic_shape_dataset/star_80_transformed_0.png,1.0,0.0,-0.19955034655114617,0.0,1.0,0.17168201714613185
Dataset/synthetic_shape_dataset/star_80_original.png,Dataset/synthetic_shape_dataset/star_80_transformed_1.png,1.0,0.0,0.07441763631848852,0.0,1.0,-0.08923036291629663
Dataset/synthetic_shape_dataset/star_81_original.png,Dataset/synthetic_shape_dataset/star_81_transformed_0.png,1.0,0.0,-0.09018047069385507,0.0,1.0,0.15822899542203822
Dataset/synthetic_shape_dataset/star_81_original.png,Dataset/synthetic_shape_dataset/star_81_transformed_1.png,1.0,0.0,-0.01892375106884661,0.0,1.0,0.08589522044195674
Dataset/synthetic_shape_dataset/star_82_original.png,Dataset/synthetic_shape_dataset/star_82_transformed_0.png,1.0,0.0,0.15906220876858818,0.0,1.0,-0.022535224839845963
Dataset/synthetic_shape_dataset/star_82_original.png,Dataset/synthetic_shape_dataset/star_82_transformed_1.png,1.0,0.0,-0.1668124428611032,0.0,1.0,-0.14182513960042234
Dataset/synthetic_shape_dataset/star_83_original.png,Dataset/synthetic_shape_dataset/star_83_transformed_0.png,1.0,0.0,-0.14398363677268564,0.0,1.0,-0.04828081332312503
Dataset/synthetic_shape_dataset/star_83_original.png,Dataset/synthetic_shape_dataset/star_83_transformed_1.png,1.0,0.0,0.15218799326212323,0.0,1.0,-0.04823020922382884
Dataset/synthetic_shape_dataset/star_84_original.png,Dataset/synthetic_shape_dataset/star_84_transformed_0.png,1.0,0.0,0.12261392834591961,0.0,1.0,-0.05161791386856715
Dataset/synthetic_shape_dataset/star_84_original.png,Dataset/synthetic_shape_dataset/star_84_transformed_1.png,1.0,0.0,-0.010899427663987243,0.0,1.0,-0.07829449009738881
Dataset/synthetic_shape_dataset/star_85_original.png,Dataset/synthetic_shape_dataset/star_85_transformed_0.png,1.0,0.0,-0.03429817053207182,0.0,1.0,0.017023445167481555
Dataset/synthetic_shape_dataset/star_85_original.png,Dataset/synthetic_shape_dataset/star_85_transformed_1.png,1.0,0.0,-0.0020105516704592985,0.0,1.0,0.04549193722851336
Dataset/synthetic_shape_dataset/star_86_original.png,Dataset/synthetic_shape_dataset/star_86_transformed_0.png,1.0,0.0,-0.00627055364046053,0.0,1.0,-0.12138229249739152
Dataset/synthetic_shape_dataset/star_86_original.png,Dataset/synthetic_shape_dataset/star_86_transformed_1.png,1.0,0.0,0.1035468463646651,0.0,1.0,-0.19381534197530673
Dataset/synthetic_shape_dataset/star_87_original.png,Dataset/synthetic_shape_dataset/star_87_transformed_0.png,1.0,0.0,-0.058655573538184846,0.0,1.0,0.02853756861426371
Dataset/synthetic_shape_dataset/star_87_original.png,Dataset/synthetic_shape_dataset/star_87_transformed_1.png,1.0,0.0,-0.157549129929679,0.0,1.0,0.03703881963523292
Dataset/synthetic_shape_dataset/star_88_original.png,Dataset/synthetic_shape_dataset/star_88_transformed_0.png,1.0,0.0,0.05950781821833001,0.0,1.0,-0.10713979839379989
Dataset/synthetic_shape_dataset/star_88_original.png,Dataset/synthetic_shape_dataset/star_88_transformed_1.png,1.0,0.0,0.015742083580276345,0.0,1.0,0.16813335998766948
Dataset/synthetic_shape_dataset/star_89_original.png,Dataset/synthetic_shape_dataset/star_89_transformed_0.png,1.0,0.0,-0.13077871630509458,0.0,1.0,0.14350178324609236
Dataset/synthetic_shape_dataset/star_89_original.png,Dataset/synthetic_shape_dataset/star_89_transformed_1.png,1.0,0.0,0.15806710368239812,0.0,1.0,0.07758148776446105
Dataset/synthetic_shape_dataset/star_90_original.png,Dataset/synthetic_shape_dataset/star_90_transformed_0.png,1.0,0.0,0.13607944838674552,0.0,1.0,0.1776989610428522
Dataset/synthetic_shape_dataset/star_90_original.png,Dataset/synthetic_shape_dataset/star_90_transformed_1.png,1.0,0.0,0.1970120663972852,0.0,1.0,0.008660157920729439
Dataset/synthetic_shape_dataset/star_91_original.png,Dataset/synthetic_shape_dataset/star_91_transformed_0.png,1.0,0.0,-0.06050778412681476,0.0,1.0,0.02245072475697324
Dataset/synthetic_shape_dataset/star_91_original.png,Dataset/synthetic_shape_dataset/star_91_transformed_1.png,1.0,0.0,-0.17801053613844933,0.0,1.0,-0.018390548705455784
Dataset/synthetic_shape_dataset/star_92_original.png,Dataset/synthetic_shape_dataset/star_92_transformed_0.png,1.0,0.0,-0.07522004652488792,0.0,1.0,0.043083447648765205
Dataset/synthetic_shape_dataset/star_92_original.png,Dataset/synthetic_shape_dataset/star_92_transformed_1.png,1.0,0.0,-0.01964937575792214,0.0,1.0,0.035203998299126044
Dataset/synthetic_shape_dataset/star_93_original.png,Dataset/synthetic_shape_dataset/star_93_transformed_0.png,1.0,0.0,0.07620482901091624,0.0,1.0,-0.16929094205158762
Dataset/synthetic_shape_dataset/star_93_original.png,Dataset/synthetic_shape_dataset/star_93_transformed_1.png,1.0,0.0,0.1341946823716627,0.0,1.0,0.07500073895955889
Dataset/synthetic_shape_dataset/star_94_original.png,Dataset/synthetic_shape_dataset/star_94_transformed_0.png,1.0,0.0,0.01717703419516589,0.0,1.0,0.0747175626305186
Dataset/synthetic_shape_dataset/star_94_original.png,Dataset/synthetic_shape_dataset/star_94_transformed_1.png,1.0,0.0,0.08831533803141084,0.0,1.0,-0.024453614729949086
Dataset/synthetic_shape_dataset/star_95_original.png,Dataset/synthetic_shape_dataset/star_95_transformed_0.png,1.0,0.0,0.1834032438100726,0.0,1.0,0.04085804780561725
Dataset/synthetic_shape_dataset/star_95_original.png,Dataset/synthetic_shape_dataset/star_95_transformed_1.png,1.0,0.0,0.0016808959711428206,0.0,1.0,-0.18027302684529928
Dataset/synthetic_shape_dataset/star_96_original.png,Dataset/synthetic_shape_dataset/star_96_transformed_0.png,1.0,0.0,-0.16871557433602474,0.0,1.0,-0.09028497053294898
Dataset/synthetic_shape_dataset/star_96_original.png,Dataset/synthetic_shape_dataset/star_96_transformed_1.png,1.0,0.0,0.17550596756093673,0.0,1.0,0.13115682064661072
Dataset/synthetic_shape_dataset/star_97_original.png,Dataset/synthetic_shape_dataset/star_97_transformed_0.png,1.0,0.0,0.08433188562544053,0.0,1.0,0.18066457426181898
Dataset/synthetic_shape_dataset/star_97_original.png,Dataset/synthetic_shape_dataset/star_97_transformed_1.png,1.0,0.0,-0.027577752329826788,0.0,1.0,0.05289375614826053
Dataset/synthetic_shape_dataset/star_98_original.png,Dataset/synthetic_shape_dataset/star_98_transformed_0.png,1.0,0.0,0.18191822866865576,0.0,1.0,-0.06906855913896978
Dataset/synthetic_shape_dataset/star_98_original.png,Dataset/synthetic_shape_dataset/star_98_transformed_1.png,1.0,0.0,-0.01777010881174995,0.0,1.0,0.034980627787349505
Dataset/synthetic_shape_dataset/star_99_original.png,Dataset/synthetic_shape_dataset/star_99_transformed_0.png,1.0,0.0,0.0542209146865284,0.0,1.0,-0.06292989796725498
Dataset/synthetic_shape_dataset/star_99_original.png,Dataset/synthetic_shape_dataset/star_99_transformed_1.png,1.0,0.0,-0.17597859242538308,0.0,1.0,0.17515370721970563
Dataset/synthetic_shape_dataset/star_100_original.png,Dataset/synthetic_shape_dataset/star_100_transformed_0.png,1.0,0.0,0.01398249485809741,0.0,1.0,-0.12935620631454547
Dataset/synthetic_shape_dataset/star_100_original.png,Dataset/synthetic_shape_dataset/star_100_transformed_1.png,1.0,0.0,-0.1601555161400147,0.0,1.0,-0.05212814380116648
Dataset/synthetic_shape_dataset/star_101_original.png,Dataset/synthetic_shape_dataset/star_101_transformed_0.png,1.0,0.0,-0.054590808872759716,0.0,1.0,-0.003410302172755758
Dataset/synthetic_shape_dataset/star_101_original.png,Dataset/synthetic_shape_dataset/star_101_transformed_1.png,1.0,0.0,-0.12691394415332274,0.0,1.0,0.1945170972994008
Dataset/synthetic_shape_dataset/star_102_original.png,Dataset/synthetic_shape_dataset/star_102_transformed_0.png,1.0,0.0,-0.18582336117294665,0.0,1.0,-0.13025477742864458
Dataset/synthetic_shape_dataset/star_102_original.png,Dataset/synthetic_shape_dataset/star_102_transformed_1.png,1.0,0.0,-0.18092358085887664,0.0,1.0,-0.05683011749910247
Dataset/synthetic_shape_dataset/star_103_original.png,Dataset/synthetic_shape_dataset/star_103_transformed_0.png,1.0,0.0,-0.14097477912269168,0.0,1.0,0.053828495791790165
Dataset/synthetic_shape_dataset/star_103_original.png,Dataset/synthetic_shape_dataset/star_103_transformed_1.png,1.0,0.0,0.1294133463064165,0.0,1.0,-0.09803875593865806
Dataset/synthetic_shape_dataset/star_104_original.png,Dataset/synthetic_shape_dataset/star_104_transformed_0.png,1.0,0.0,0.11214874468520225,0.0,1.0,-0.17314442887456002
Dataset/synthetic_shape_dataset/star_104_original.png,Dataset/synthetic_shape_dataset/star_104_transformed_1.png,1.0,0.0,-0.14272641718832313,0.0,1.0,-0.045148942522976604
Dataset/synthetic_shape_dataset/star_105_original.png,Dataset/synthetic_shape_dataset/star_105_transformed_0.png,1.0,0.0,-0.046568021475057536,0.0,1.0,-0.147144031292705
Dataset/synthetic_shape_dataset/star_105_original.png,Dataset/synthetic_shape_dataset/star_105_transformed_1.png,1.0,0.0,0.07039240462248808,0.0,1.0,-0.0738297202111898
Dataset/synthetic_shape_dataset/star_106_original.png,Dataset/synthetic_shape_dataset/star_106_transformed_0.png,1.0,0.0,-0.05314117850189137,0.0,1.0,0.15727132689801543
Dataset/synthetic_shape_dataset/star_106_original.png,Dataset/synthetic_shape_dataset/star_106_transformed_1.png,1.0,0.0,0.19055131435971812,0.0,1.0,0.18333814544740884
Dataset/synthetic_shape_dataset/star_107_original.png,Dataset/synthetic_shape_dataset/star_107_transformed_0.png,1.0,0.0,0.17671275265429642,0.0,1.0,0.06670063451277902
Dataset/synthetic_shape_dataset/star_107_original.png,Dataset/synthetic_shape_dataset/star_107_transformed_1.png,1.0,0.0,0.09804702698203588,0.0,1.0,0.024533204011649545
Dataset/synthetic_shape_dataset/star_108_original.png,Dataset/synthetic_shape_dataset/star_108_transformed_0.png,1.0,0.0,-0.11555965051518072,0.0,1.0,-0.04523562459693467
Dataset/synthetic_shape_dataset/star_108_original.png,Dataset/synthetic_shape_dataset/star_108_transformed_1.png,1.0,0.0,0.05848579468730525,0.0,1.0,-0.1247492652303425
Dataset/synthetic_shape_dataset/star_109_original.png,Dataset/synthetic_shape_dataset/star_109_transformed_0.png,1.0,0.0,0.11860670903751841,0.0,1.0,-0.09355295968986371
Dataset/synthetic_shape_dataset/star_109_original.png,Dataset/synthetic_shape_dataset/star_109_transformed_1.png,1.0,0.0,-0.004793614281814351,0.0,1.0,0.15140120109219118
Dataset/synthetic_shape_dataset/star_110_original.png,Dataset/synthetic_shape_dataset/star_110_transformed_0.png,1.0,0.0,0.18588008137505024,0.0,1.0,-0.19108531166714837
Dataset/synthetic_shape_dataset/star_110_original.png,Dataset/synthetic_shape_dataset/star_110_transformed_1.png,1.0,0.0,-0.03167995510169255,0.0,1.0,-0.01612428021775339
Dataset/synthetic_shape_dataset/star_111_original.png,Dataset/synthetic_shape_dataset/star_111_transformed_0.png,1.0,0.0,-0.06503048344941248,0.0,1.0,-0.03896474240692083
Dataset/synthetic_shape_dataset/star_111_original.png,Dataset/synthetic_shape_dataset/star_111_transformed_1.png,1.0,0.0,-0.025244547435526732,0.0,1.0,0.06671930080814448
Dataset/synthetic_shape_dataset/star_112_original.png,Dataset/synthetic_shape_dataset/star_112_transformed_0.png,1.0,0.0,-0.07470243347746228,0.0,1.0,0.06791149709485067
Dataset/synthetic_shape_dataset/star_112_original.png,Dataset/synthetic_shape_dataset/star_112_transformed_1.png,1.0,0.0,-0.08556407997873189,0.0,1.0,0.04464009884565981
Dataset/synthetic_shape_dataset/star_113_original.png,Dataset/synthetic_shape_dataset/star_113_transformed_0.png,1.0,0.0,0.027198634873576127,0.0,1.0,-0.1542141999099033
Dataset/synthetic_shape_dataset/star_113_original.png,Dataset/synthetic_shape_dataset/star_113_transformed_1.png,1.0,0.0,-0.05397579037657138,0.0,1.0,0.08375347182673037
Dataset/synthetic_shape_dataset/star_114_original.png,Dataset/synthetic_shape_dataset/star_114_transformed_0.png,1.0,0.0,0.16681425173559894,0.0,1.0,-0.06763181019475306
Dataset/synthetic_shape_dataset/star_114_original.png,Dataset/synthetic_shape_dataset/star_114_transformed_1.png,1.0,0.0,0.03804107386593589,0.0,1.0,0.02153909401681342
Dataset/synthetic_shape_dataset/star_115_original.png,Dataset/synthetic_shape_dataset/star_115_transformed_0.png,1.0,0.0,-0.11339660544661818,0.0,1.0,0.19428358110462418
Dataset/synthetic_shape_dataset/star_115_original.png,Dataset/synthetic_shape_dataset/star_115_transformed_1.png,1.0,0.0,-0.12953322919066346,0.0,1.0,0.14903457217340216
Dataset/synthetic_shape_dataset/star_116_original.png,Dataset/synthetic_shape_dataset/star_116_transformed_0.png,1.0,0.0,0.0021510483503317523,0.0,1.0,-0.1568786442907907
Dataset/synthetic_shape_dataset/star_116_original.png,Dataset/synthetic_shape_dataset/star_116_transformed_1.png,1.0,0.0,0.018789761155527135,0.0,1.0,0.15708015574640877
Dataset/synthetic_shape_dataset/star_117_original.png,Dataset/synthetic_shape_dataset/star_117_transformed_0.png,1.0,0.0,-0.1459945071001716,0.0,1.0,-0.058030494172865765
Dataset/synthetic_shape_dataset/star_117_original.png,Dataset/synthetic_shape_dataset/star_117_transformed_1.png,1.0,0.0,-0.18069174842588198,0.0,1.0,-0.15616446177039595
Dataset/synthetic_shape_dataset/star_118_original.png,Dataset/synthetic_shape_dataset/star_118_transformed_0.png,1.0,0.0,-0.18256495070361287,0.0,1.0,-0.19410094346428722
Dataset/synthetic_shape_dataset/star_118_original.png,Dataset/synthetic_shape_dataset/star_118_transformed_1.png,1.0,0.0,0.1320421122141714,0.0,1.0,-0.056542193130251356
Dataset/synthetic_shape_dataset/star_119_original.png,Dataset/synthetic_shape_dataset/star_119_transformed_0.png,1.0,0.0,0.015752391998185372,0.0,1.0,0.16132045117319754
Dataset/synthetic_shape_dataset/star_119_original.png,Dataset/synthetic_shape_dataset/star_119_transformed_1.png,1.0,0.0,0.08866800826596938,0.0,1.0,-0.05756003290753414
Dataset/synthetic_shape_dataset/star_120_original.png,Dataset/synthetic_shape_dataset/star_120_transformed_0.png,1.0,0.0,0.049553511903373815,0.0,1.0,0.08913508843800444
Dataset/synthetic_shape_dataset/star_120_original.png,Dataset/synthetic_shape_dataset/star_120_transformed_1.png,1.0,0.0,-0.10610947144636672,0.0,1.0,0.0049361346245416216
Dataset/synthetic_shape_dataset/star_121_original.png,Dataset/synthetic_shape_dataset/star_121_transformed_0.png,1.0,0.0,-0.06299023272133578,0.0,1.0,-0.19976689772663925
Dataset/synthetic_shape_dataset/star_121_original.png,Dataset/synthetic_shape_dataset/star_121_transformed_1.png,1.0,0.0,0.12893072250292809,0.0,1.0,0.13200265510440728
Dataset/synthetic_shape_dataset/star_122_original.png,Dataset/synthetic_shape_dataset/star_122_transformed_0.png,1.0,0.0,0.0169088350754803,0.0,1.0,-0.05920513592064536
Dataset/synthetic_shape_dataset/star_122_original.png,Dataset/synthetic_shape_dataset/star_122_transformed_1.png,1.0,0.0,-0.12924341814315077,0.0,1.0,0.14622291688667555
Dataset/synthetic_shape_dataset/star_123_original.png,Dataset/synthetic_shape_dataset/star_123_transformed_0.png,1.0,0.0,-0.1686271746604814,0.0,1.0,-0.0671511883600032
Dataset/synthetic_shape_dataset/star_123_original.png,Dataset/synthetic_shape_dataset/star_123_transformed_1.png,1.0,0.0,-0.046424791664545634,0.0,1.0,0.14823413519725553
Dataset/synthetic_shape_dataset/star_124_original.png,Dataset/synthetic_shape_dataset/star_124_transformed_0.png,1.0,0.0,0.0561255701737885,0.0,1.0,-0.10710134215963528
Dataset/synthetic_shape_dataset/star_124_original.png,Dataset/synthetic_shape_dataset/star_124_transformed_1.png,1.0,0.0,-0.19888339161676494,0.0,1.0,-0.049080034640018505
Dataset/synthetic_shape_dataset/star_125_original.png,Dataset/synthetic_shape_dataset/star_125_transformed_0.png,1.0,0.0,0.023403388881321208,0.0,1.0,0.14391414687322762
Dataset/synthetic_shape_dataset/star_125_original.png,Dataset/synthetic_shape_dataset/star_125_transformed_1.png,1.0,0.0,0.03426670761745082,0.0,1.0,-0.12706882610413317
Dataset/synthetic_shape_dataset/star_126_original.png,Dataset/synthetic_shape_dataset/star_126_transformed_0.png,1.0,0.0,0.11103114345998427,0.0,1.0,0.0991013046172512
Dataset/synthetic_shape_dataset/star_126_original.png,Dataset/synthetic_shape_dataset/star_126_transformed_1.png,1.0,0.0,-0.028201254960635275,0.0,1.0,0.07408266262334817
Dataset/synthetic_shape_dataset/star_127_original.png,Dataset/synthetic_shape_dataset/star_127_transformed_0.png,1.0,0.0,-0.060268049090249465,0.0,1.0,0.15505572028408637
Dataset/synthetic_shape_dataset/star_127_original.png,Dataset/synthetic_shape_dataset/star_127_transformed_1.png,1.0,0.0,-0.03073169987139096,0.0,1.0,-0.16479752619639298
Dataset/synthetic_shape_dataset/star_128_original.png,Dataset/synthetic_shape_dataset/star_128_transformed_0.png,1.0,0.0,-0.03596039100374773,0.0,1.0,-0.14906954731318633
Dataset/synthetic_shape_dataset/star_128_original.png,Dataset/synthetic_shape_dataset/star_128_transformed_1.png,1.0,0.0,0.009141391940465704,0.0,1.0,-0.10109082058358827
Dataset/synthetic_shape_dataset/star_129_original.png,Dataset/synthetic_shape_dataset/star_129_transformed_0.png,1.0,0.0,-0.09166347671158448,0.0,1.0,-0.14678462187493702
Dataset/synthetic_shape_dataset/star_129_original.png,Dataset/synthetic_shape_dataset/star_129_transformed_1.png,1.0,0.0,-0.09724840851101742,0.0,1.0,0.07666897382275867
Dataset/synthetic_shape_dataset/star_130_original.png,Dataset/synthetic_shape_dataset/star_130_transformed_0.png,1.0,0.0,0.17050564462352158,0.0,1.0,-0.05618197323709753
Dataset/synthetic_shape_dataset/star_130_original.png,Dataset/synthetic_shape_dataset/star_130_transformed_1.png,1.0,0.0,0.10092568326717405,0.0,1.0,-0.08720344429688046
Dataset/synthetic_shape_dataset/star_131_original.png,Dataset/synthetic_shape_dataset/star_131_transformed_0.png,1.0,0.0,-0.09783254810822842,0.0,1.0,0.1573029739015544
Dataset/synthetic_shape_dataset/star_131_original.png,Dataset/synthetic_shape_dataset/star_131_transformed_1.png,1.0,0.0,0.0905928947290322,0.0,1.0,-0.15559540424023438
Dataset/synthetic_shape_dataset/star_132_original.png,Dataset/synthetic_shape_dataset/star_132_transformed_0.png,1.0,0.0,-0.006544177468429335,0.0,1.0,-0.005372752003013487
Dataset/synthetic_shape_dataset/star_132_original.png,Dataset/synthetic_shape_dataset/star_132_transformed_1.png,1.0,0.0,-0.1925937737149922,0.0,1.0,0.12670809477525552
Dataset/synthetic_shape_dataset/star_133_original.png,Dataset/synthetic_shape_dataset/star_133_transformed_0.png,1.0,0.0,0.17446098019768203,0.0,1.0,-0.008726177781338718
Dataset/synthetic_shape_dataset/star_133_original.png,Dataset/synthetic_shape_dataset/star_133_transformed_1.png,1.0,0.0,-0.1873291042400442,0.0,1.0,-0.0021505772178607163
Dataset/synthetic_shape_dataset/star_134_original.png,Dataset/synthetic_shape_dataset/star_134_transformed_0.png,1.0,0.0,-0.004262358516018916,0.0,1.0,0.15678144766344948
Dataset/synthetic_shape_dataset/star_134_original.png,Dataset/synthetic_shape_dataset/star_134_transformed_1.png,1.0,0.0,-0.010361798973531039,0.0,1.0,-0.13871623641324363
Dataset/synthetic_shape_dataset/star_135_original.png,Dataset/synthetic_shape_dataset/star_135_transformed_0.png,1.0,0.0,0.13685934570710717,0.0,1.0,0.06251748824291214
Dataset/synthetic_shape_dataset/star_135_original.png,Dataset/synthetic_shape_dataset/star_135_transformed_1.png,1.0,0.0,0.1495558608353279,0.0,1.0,-0.18982672788198862
Dataset/synthetic_shape_dataset/star_136_original.png,Dataset/synthetic_shape_dataset/star_136_transformed_0.png,1.0,0.0,0.0602970167548732,0.0,1.0,-0.025515817336451196
Dataset/synthetic_shape_dataset/star_136_original.png,Dataset/synthetic_shape_dataset/star_136_transformed_1.png,1.0,0.0,0.11390953384456698,0.0,1.0,-0.14035527878465973
Dataset/synthetic_shape_dataset/star_137_original.png,Dataset/synthetic_shape_dataset/star_137_transformed_0.png,1.0,0.0,0.16384600503988406,0.0,1.0,-0.14494688296116573
Dataset/synthetic_shape_dataset/star_137_original.png,Dataset/synthetic_shape_dataset/star_137_transformed_1.png,1.0,0.0,-0.14736369342410663,0.0,1.0,-0.09318263990417877
Dataset/synthetic_shape_dataset/star_138_original.png,Dataset/synthetic_shape_dataset/star_138_transformed_0.png,1.0,0.0,0.18817855459970073,0.0,1.0,0.16388904113831831
Dataset/synthetic_shape_dataset/star_138_original.png,Dataset/synthetic_shape_dataset/star_138_transformed_1.png,1.0,0.0,0.15229981141849253,0.0,1.0,-0.14529789874803456
Dataset/synthetic_shape_dataset/star_139_original.png,Dataset/synthetic_shape_dataset/star_139_transformed_0.png,1.0,0.0,0.08671642273675995,0.0,1.0,0.17640666507893438
Dataset/synthetic_shape_dataset/star_139_original.png,Dataset/synthetic_shape_dataset/star_139_transformed_1.png,1.0,0.0,0.00847933528624148,0.0,1.0,0.09760499368804021
Dataset/synthetic_shape_dataset/star_140_original.png,Dataset/synthetic_shape_dataset/star_140_transformed_0.png,1.0,0.0,0.1587042727269684,0.0,1.0,0.01535244230388949
Dataset/synthetic_shape_dataset/star_140_original.png,Dataset/synthetic_shape_dataset/star_140_transformed_1.png,1.0,0.0,-0.10457311277300674,0.0,1.0,0.029509639581341313
Dataset/synthetic_shape_dataset/star_141_original.png,Dataset/synthetic_shape_dataset/star_141_transformed_0.png,1.0,0.0,-0.014959522596090707,0.0,1.0,-0.19481917543566116
Dataset/synthetic_shape_dataset/star_141_original.png,Dataset/synthetic_shape_dataset/star_141_transformed_1.png,1.0,0.0,0.1915861784653387,0.0,1.0,0.18972828452140017
Dataset/synthetic_shape_dataset/star_142_original.png,Dataset/synthetic_shape_dataset/star_142_transformed_0.png,1.0,0.0,-0.1325138711467313,0.0,1.0,-0.1756499912645615
Dataset/synthetic_shape_dataset/star_142_original.png,Dataset/synthetic_shape_dataset/star_142_transformed_1.png,1.0,0.0,0.06785181637930116,0.0,1.0,-0.19888903260960694
Dataset/synthetic_shape_dataset/star_143_original.png,Dataset/synthetic_shape_dataset/star_143_transformed_0.png,1.0,0.0,-0.16703906892636208,0.0,1.0,0.11851097047060227
Dataset/synthetic_shape_dataset/star_143_original.png,Dataset/synthetic_shape_dataset/star_143_transformed_1.png,1.0,0.0,-0.07829922080845378,0.0,1.0,0.11131595802978878
Dataset/synthetic_shape_dataset/star_144_original.png,Dataset/synthetic_shape_dataset/star_144_transformed_0.png,1.0,0.0,-0.05541412126697495,0.0,1.0,0.09771814491964481
Dataset/synthetic_shape_dataset/star_144_original.png,Dataset/synthetic_shape_dataset/star_144_transformed_1.png,1.0,0.0,-0.1109760758150606,0.0,1.0,-0.030112979638783205
Dataset/synthetic_shape_dataset/star_145_original.png,Dataset/synthetic_shape_dataset/star_145_transformed_0.png,1.0,0.0,-0.1094299761546366,0.0,1.0,-0.16669692352067003
Dataset/synthetic_shape_dataset/star_145_original.png,Dataset/synthetic_shape_dataset/star_145_transformed_1.png,1.0,0.0,0.17180488846067882,0.0,1.0,-0.11006905866358481
Dataset/synthetic_shape_dataset/star_146_original.png,Dataset/synthetic_shape_dataset/star_146_transformed_0.png,1.0,0.0,-0.1898645722171034,0.0,1.0,-0.06170698803082142
Dataset/synthetic_shape_dataset/star_146_original.png,Dataset/synthetic_shape_dataset/star_146_transformed_1.png,1.0,0.0,0.10032070915227703,0.0,1.0,0.05359314364829082
Dataset/synthetic_shape_dataset/star_147_original.png,Dataset/synthetic_shape_dataset/star_147_transformed_0.png,1.0,0.0,-0.18785758476995215,0.0,1.0,0.18497703739031512
Dataset/synthetic_shape_dataset/star_147_original.png,Dataset/synthetic_shape_dataset/star_147_transformed_1.png,1.0,0.0,-0.1959107831853073,0.0,1.0,-0.07250398128640864
Dataset/synthetic_shape_dataset/star_148_original.png,Dataset/synthetic_shape_dataset/star_148_transformed_0.png,1.0,0.0,-0.16547804022745832,0.0,1.0,0.04599504162663001
Dataset/synthetic_shape_dataset/star_148_original.png,Dataset/synthetic_shape_dataset/star_148_transformed_1.png,1.0,0.0,0.12328125988083494,0.0,1.0,0.1021086156328288
Dataset/synthetic_shape_dataset/star_149_original.png,Dataset/synthetic_shape_dataset/star_149_transformed_0.png,1.0,0.0,0.023252384190772968,0.0,1.0,0.13957942727355577
Dataset/synthetic_shape_dataset/star_149_original.png,Dataset/synthetic_shape_dataset/star_149_transformed_1.png,1.0,0.0,0.18364821080498256,0.0,1.0,-0.18535583530592184
Dataset/synthetic_shape_dataset/star_150_original.png,Dataset/synthetic_shape_dataset/star_150_transformed_0.png,1.0,0.0,0.07278099716987446,0.0,1.0,0.04327845951296655
Dataset/synthetic_shape_dataset/star_150_original.png,Dataset/synthetic_shape_dataset/star_150_transformed_1.png,1.0,0.0,-0.0023565175263826066,0.0,1.0,0.029520199748921117
Dataset/synthetic_shape_dataset/star_151_original.png,Dataset/synthetic_shape_dataset/star_151_transformed_0.png,1.0,0.0,-0.022460882350190253,0.0,1.0,0.09534713739521272
Dataset/synthetic_shape_dataset/star_151_original.png,Dataset/synthetic_shape_dataset/star_151_transformed_1.png,1.0,0.0,0.08283973244447107,0.0,1.0,0.1033361727394086
Dataset/synthetic_shape_dataset/star_152_original.png,Dataset/synthetic_shape_dataset/star_152_transformed_0.png,1.0,0.0,0.010191862986108913,0.0,1.0,0.14823464660036278
Dataset/synthetic_shape_dataset/star_152_original.png,Dataset/synthetic_shape_dataset/star_152_transformed_1.png,1.0,0.0,0.16444847701546284,0.0,1.0,0.17199434584899004
Dataset/synthetic_shape_dataset/star_153_original.png,Dataset/synthetic_shape_dataset/star_153_transformed_0.png,1.0,0.0,0.1505348106577648,0.0,1.0,0.1319967732169791
Dataset/synthetic_shape_dataset/star_153_original.png,Dataset/synthetic_shape_dataset/star_153_transformed_1.png,1.0,0.0,-0.09394642227940908,0.0,1.0,0.07525152746930758
Dataset/synthetic_shape_dataset/star_154_original.png,Dataset/synthetic_shape_dataset/star_154_transformed_0.png,1.0,0.0,-0.02773516541020396,0.0,1.0,0.06702272406027399
Dataset/synthetic_shape_dataset/star_154_original.png,Dataset/synthetic_shape_dataset/star_154_transformed_1.png,1.0,0.0,-0.02581585646779122,0.0,1.0,-0.05439834501440327
Dataset/synthetic_shape_dataset/star_155_original.png,Dataset/synthetic_shape_dataset/star_155_transformed_0.png,1.0,0.0,0.07302077726948164,0.0,1.0,-0.1719574769802847
Dataset/synthetic_shape_dataset/star_155_original.png,Dataset/synthetic_shape_dataset/star_155_transformed_1.png,1.0,0.0,0.020706335647061008,0.0,1.0,-0.07514157563396823
Dataset/synthetic_shape_dataset/star_156_original.png,Dataset/synthetic_shape_dataset/star_156_transformed_0.png,1.0,0.0,-0.1895335373822995,0.0,1.0,0.020437748544775147
Dataset/synthetic_shape_dataset/star_156_original.png,Dataset/synthetic_shape_dataset/star_156_transformed_1.png,1.0,0.0,0.08033599046673479,0.0,1.0,0.13746070821283196
Dataset/synthetic_shape_dataset/star_157_original.png,Dataset/synthetic_shape_dataset/star_157_transformed_0.png,1.0,0.0,-0.1550149219208995,0.0,1.0,0.07345362306795289
Dataset/synthetic_shape_dataset/star_157_original.png,Dataset/synthetic_shape_dataset/star_157_transformed_1.png,1.0,0.0,0.1263519788641867,0.0,1.0,-0.026845101536699556
Dataset/synthetic_shape_dataset/star_158_original.png,Dataset/synthetic_shape_dataset/star_158_transformed_0.png,1.0,0.0,0.03132106990845518,0.0,1.0,0.13887718577039515
Dataset/synthetic_shape_dataset/star_158_original.png,Dataset/synthetic_shape_dataset/star_158_transformed_1.png,1.0,0.0,-0.12389665443396956,0.0,1.0,-0.023535557611120028
Dataset/synthetic_shape_dataset/star_159_original.png,Dataset/synthetic_shape_dataset/star_159_transformed_0.png,1.0,0.0,-0.10250932324126763,0.0,1.0,-0.03232926403751887
Dataset/synthetic_shape_dataset/star_159_original.png,Dataset/synthetic_shape_dataset/star_159_transformed_1.png,1.0,0.0,0.19340235742275075,0.0,1.0,-0.007585820836116308
Dataset/synthetic_shape_dataset/star_160_original.png,Dataset/synthetic_shape_dataset/star_160_transformed_0.png,1.0,0.0,-0.1438132824826378,0.0,1.0,-0.1343004239499921
Dataset/synthetic_shape_dataset/star_160_original.png,Dataset/synthetic_shape_dataset/star_160_transformed_1.png,1.0,0.0,-0.11167370093918803,0.0,1.0,0.19957723057907156
Dataset/synthetic_shape_dataset/star_161_original.png,Dataset/synthetic_shape_dataset/star_161_transformed_0.png,1.0,0.0,-0.12253642041354129,0.0,1.0,0.09158409358333242
Dataset/synthetic_shape_dataset/star_161_original.png,Dataset/synthetic_shape_dataset/star_161_transformed_1.png,1.0,0.0,-0.08714133437536416,0.0,1.0,-0.13379243718766803
Dataset/synthetic_shape_dataset/star_162_original.png,Dataset/synthetic_shape_dataset/star_162_transformed_0.png,1.0,0.0,-0.1419454662552091,0.0,1.0,0.0810131791534573
Dataset/synthetic_shape_dataset/star_162_original.png,Dataset/synthetic_shape_dataset/star_162_transformed_1.png,1.0,0.0,-0.09996839225023342,0.0,1.0,0.15980858815399568
Dataset/synthetic_shape_dataset/star_163_original.png,Dataset/synthetic_shape_dataset/star_163_transformed_0.png,1.0,0.0,0.061976661079316375,0.0,1.0,-0.14415342524530314
Dataset/synthetic_shape_dataset/star_163_original.png,Dataset/synthetic_shape_dataset/star_163_transformed_1.png,1.0,0.0,-0.1553608088169933,0.0,1.0,0.10189022063296299
Dataset/synthetic_shape_dataset/star_164_original.png,Dataset/synthetic_shape_dataset/star_164_transformed_0.png,1.0,0.0,-0.06046314886919926,0.0,1.0,-0.025350096554168422
Dataset/synthetic_shape_dataset/star_164_original.png,Dataset/synthetic_shape_dataset/star_164_transformed_1.png,1.0,0.0,-0.10933957105145949,0.0,1.0,-0.08571042123483551
Dataset/synthetic_shape_dataset/star_165_original.png,Dataset/synthetic_shape_dataset/star_165_transformed_0.png,1.0,0.0,0.19836145286577905,0.0,1.0,-0.15215531614111347
Dataset/synthetic_shape_dataset/star_165_original.png,Dataset/synthetic_shape_dataset/star_165_transformed_1.png,1.0,0.0,-0.06728292980438697,0.0,1.0,0.014176441015947866
Dataset/synthetic_shape_dataset/star_166_original.png,Dataset/synthetic_shape_dataset/star_166_transformed_0.png,1.0,0.0,-0.17116842725404835,0.0,1.0,-0.07278279977177352
Dataset/synthetic_shape_dataset/star_166_original.png,Dataset/synthetic_shape_dataset/star_166_transformed_1.png,1.0,0.0,0.1957225054927078,0.0,1.0,-0.013029576982668212
Dataset/synthetic_shape_dataset/star_167_original.png,Dataset/synthetic_shape_dataset/star_167_transformed_0.png,1.0,0.0,0.17805187742891515,0.0,1.0,0.07698693717872374
Dataset/synthetic_shape_dataset/star_167_original.png,Dataset/synthetic_shape_dataset/star_167_transformed_1.png,1.0,0.0,-0.13613021220107435,0.0,1.0,-0.11716114567982255
Dataset/synthetic_shape_dataset/star_168_original.png,Dataset/synthetic_shape_dataset/star_168_transformed_0.png,1.0,0.0,0.14631294996204164,0.0,1.0,0.030106398400783496
Dataset/synthetic_shape_dataset/star_168_original.png,Dataset/synthetic_shape_dataset/star_168_transformed_1.png,1.0,0.0,-0.11442207044990989,0.0,1.0,0.07421596999416774
Dataset/synthetic_shape_dataset/star_169_original.png,Dataset/synthetic_shape_dataset/star_169_transformed_0.png,1.0,0.0,-0.15968176085364855,0.0,1.0,0.06546545431720335
Dataset/synthetic_shape_dataset/star_169_original.png,Dataset/synthetic_shape_dataset/star_169_transformed_1.png,1.0,0.0,-0.0004681360114548172,0.0,1.0,0.03192253761988395
Dataset/synthetic_shape_dataset/star_170_original.png,Dataset/synthetic_shape_dataset/star_170_transformed_0.png,1.0,0.0,0.15570516768407655,0.0,1.0,-0.058053596323275336
Dataset/synthetic_shape_dataset/star_170_original.png,Dataset/synthetic_shape_dataset/star_170_transformed_1.png,1.0,0.0,0.10164511312143398,0.0,1.0,-0.13743392653654035
Dataset/synthetic_shape_dataset/star_171_original.png,Dataset/synthetic_shape_dataset/star_171_transformed_0.png,1.0,0.0,0.018402450120545172,0.0,1.0,-0.0828333076637756
Dataset/synthetic_shape_dataset/star_171_original.png,Dataset/synthetic_shape_dataset/star_171_transformed_1.png,1.0,0.0,-0.0038579589058579666,0.0,1.0,-0.00993877056426401
Dataset/synthetic_shape_dataset/star_172_original.png,Dataset/synthetic_shape_dataset/star_172_transformed_0.png,1.0,0.0,0.04177521712800694,0.0,1.0,0.1192314681391749
Dataset/synthetic_shape_dataset/star_172_original.png,Dataset/synthetic_shape_dataset/star_172_transformed_1.png,1.0,0.0,-0.06851147746037056,0.0,1.0,-0.16009719873345732
Dataset/synthetic_shape_dataset/star_173_original.png,Dataset/synthetic_shape_dataset/star_173_transformed_0.png,1.0,0.0,-0.1261052809549691,0.0,1.0,-0.03352505200179223
Dataset/synthetic_shape_dataset/star_173_original.png,Dataset/synthetic_shape_dataset/star_173_transformed_1.png,1.0,0.0,-0.035616475143857185,0.0,1.0,-0.020879232386793622
Dataset/synthetic_shape_dataset/star_174_original.png,Dataset/synthetic_shape_dataset/star_174_transformed_0.png,1.0,0.0,-0.08345071045464564,0.0,1.0,0.11404131079866531
Dataset/synthetic_shape_dataset/star_174_original.png,Dataset/synthetic_shape_dataset/star_174_transformed_1.png,1.0,0.0,-0.1317737803839208,0.0,1.0,-0.04681033572448129
Dataset/synthetic_shape_dataset/star_175_original.png,Dataset/synthetic_shape_dataset/star_175_transformed_0.png,1.0,0.0,0.17639560125884296,0.0,1.0,-0.06279529668642381
Dataset/synthetic_shape_dataset/star_175_original.png,Dataset/synthetic_shape_dataset/star_175_transformed_1.png,1.0,0.0,-0.15543323081057828,0.0,1.0,0.08215203849359604
Dataset/synthetic_shape_dataset/star_176_original.png,Dataset/synthetic_shape_dataset/star_176_transformed_0.png,1.0,0.0,0.11168286830727209,0.0,1.0,-0.0504194151605136
Dataset/synthetic_shape_dataset/star_176_original.png,Dataset/synthetic_shape_dataset/star_176_transformed_1.png,1.0,0.0,-0.026555542996432202,0.0,1.0,-0.057902330807192565
Dataset/synthetic_shape_dataset/star_177_original.png,Dataset/synthetic_shape_dataset/star_177_transformed_0.png,1.0,0.0,0.08201634469562075,0.0,1.0,0.19045231851137856
Dataset/synthetic_shape_dataset/star_177_original.png,Dataset/synthetic_shape_dataset/star_177_transformed_1.png,1.0,0.0,0.18493906917456188,0.0,1.0,0.04754686270849756
Dataset/synthetic_shape_dataset/star_178_original.png,Dataset/synthetic_shape_dataset/star_178_transformed_0.png,1.0,0.0,-0.019855721714542918,0.0,1.0,0.021086496290485923
Dataset/synthetic_shape_dataset/star_178_original.png,Dataset/synthetic_shape_dataset/star_178_transformed_1.png,1.0,0.0,0.1815858745470354,0.0,1.0,0.039263696274119825
Dataset/synthetic_shape_dataset/star_179_original.png,Dataset/synthetic_shape_dataset/star_179_transformed_0.png,1.0,0.0,-0.009587955938925669,0.0,1.0,-0.03564130576571159
Dataset/synthetic_shape_dataset/star_179_original.png,Dataset/synthetic_shape_dataset/star_179_transformed_1.png,1.0,0.0,-0.04447297602151751,0.0,1.0,0.09385871290036685
Dataset/synthetic_shape_dataset/star_180_original.png,Dataset/synthetic_shape_dataset/star_180_transformed_0.png,1.0,0.0,0.18147535638352758,0.0,1.0,-0.059620309713328296
Dataset/synthetic_shape_dataset/star_180_original.png,Dataset/synthetic_shape_dataset/star_180_transformed_1.png,1.0,0.0,-0.024550651929051176,0.0,1.0,0.19356877724941451
Dataset/synthetic_shape_dataset/star_181_original.png,Dataset/synthetic_shape_dataset/star_181_transformed_0.png,1.0,0.0,0.1153034122142817,0.0,1.0,0.17301139141496014
Dataset/synthetic_shape_dataset/star_181_original.png,Dataset/synthetic_shape_dataset/star_181_transformed_1.png,1.0,0.0,-0.18644552889856364,0.0,1.0,0.09911849198291811
Dataset/synthetic_shape_dataset/star_182_original.png,Dataset/synthetic_shape_dataset/star_182_transformed_0.png,1.0,0.0,-0.1830750830377944,0.0,1.0,-0.14818721939126128
Dataset/synthetic_shape_dataset/star_182_original.png,Dataset/synthetic_shape_dataset/star_182_transformed_1.png,1.0,0.0,-0.17309668940962905,0.0,1.0,-0.03420856619539303
Dataset/synthetic_shape_dataset/star_183_original.png,Dataset/synthetic_shape_dataset/star_183_transformed_0.png,1.0,0.0,-0.19440541232249858,0.0,1.0,-0.1156882781593418
Dataset/synthetic_shape_dataset/star_183_original.png,Dataset/synthetic_shape_dataset/star_183_transformed_1.png,1.0,0.0,-0.1802010118306191,0.0,1.0,0.13309943577435907
Dataset/synthetic_shape_dataset/star_184_original.png,Dataset/synthetic_shape_dataset/star_184_transformed_0.png,1.0,0.0,0.006830546552199529,0.0,1.0,-0.19112241645320976
Dataset/synthetic_shape_dataset/star_184_original.png,Dataset/synthetic_shape_dataset/star_184_transformed_1.png,1.0,0.0,-0.13412280688396386,0.0,1.0,-0.11026657189270757
Dataset/synthetic_shape_dataset/star_185_original.png,Dataset/synthetic_shape_dataset/star_185_transformed_0.png,1.0,0.0,-0.11973469782226612,0.0,1.0,0.18965660350448493
Dataset/synthetic_shape_dataset/star_185_original.png,Dataset/synthetic_shape_dataset/star_185_transformed_1.png,1.0,0.0,0.11005140268572933,0.0,1.0,-0.1301499818375111
Dataset/synthetic_shape_dataset/star_186_original.png,Dataset/synthetic_shape_dataset/star_186_transformed_0.png,1.0,0.0,-0.013502641605398186,0.0,1.0,0.16402733694514693
Dataset/synthetic_shape_dataset/star_186_original.png,Dataset/synthetic_shape_dataset/star_186_transformed_1.png,1.0,0.0,0.19850802909650656,0.0,1.0,0.08467986807543754
Dataset/synthetic_shape_dataset/star_187_original.png,Dataset/synthetic_shape_dataset/star_187_transformed_0.png,1.0,0.0,0.06263541488583274,0.0,1.0,0.10751713886258141
Dataset/synthetic_shape_dataset/star_187_original.png,Dataset/synthetic_shape_dataset/star_187_transformed_1.png,1.0,0.0,0.06776562283899423,0.0,1.0,0.1741697498462801
Dataset/synthetic_shape_dataset/star_188_original.png,Dataset/synthetic_shape_dataset/star_188_transformed_0.png,1.0,0.0,-0.017910594108523137,0.0,1.0,-0.1397980118300083
Dataset/synthetic_shape_dataset/star_188_original.png,Dataset/synthetic_shape_dataset/star_188_transformed_1.png,1.0,0.0,0.10638240041592789,0.0,1.0,-0.05256477616068672
Dataset/synthetic_shape_dataset/star_189_original.png,Dataset/synthetic_shape_dataset/star_189_transformed_0.png,1.0,0.0,0.04433270924397506,0.0,1.0,0.07795940266809087
Dataset/synthetic_shape_dataset/star_189_original.png,Dataset/synthetic_shape_dataset/star_189_transformed_1.png,1.0,0.0,-0.058804152751474936,0.0,1.0,0.1831737821085564
Dataset/synthetic_shape_dataset/star_190_original.png,Dataset/synthetic_shape_dataset/star_190_transformed_0.png,1.0,0.0,0.13824892945848277,0.0,1.0,-0.19034824086560487
Dataset/synthetic_shape_dataset/star_190_original.png,Dataset/synthetic_shape_dataset/star_190_transformed_1.png,1.0,0.0,-0.08047932599293404,0.0,1.0,-0.14836624691854527
Dataset/synthetic_shape_dataset/star_191_original.png,Dataset/synthetic_shape_dataset/star_191_transformed_0.png,1.0,0.0,-0.10852028578737466,0.0,1.0,0.05949706949162359
Dataset/synthetic_shape_dataset/star_191_original.png,Dataset/synthetic_shape_dataset/star_191_transformed_1.png,1.0,0.0,0.031156010943903745,0.0,1.0,0.14134335488985234
Dataset/synthetic_shape_dataset/star_192_original.png,Dataset/synthetic_shape_dataset/star_192_transformed_0.png,1.0,0.0,0.01626031343525955,0.0,1.0,-0.029355474234196016
Dataset/synthetic_shape_dataset/star_192_original.png,Dataset/synthetic_shape_dataset/star_192_transformed_1.png,1.0,0.0,0.1072155901416158,0.0,1.0,0.16631143022017225
Dataset/synthetic_shape_dataset/star_193_original.png,Dataset/synthetic_shape_dataset/star_193_transformed_0.png,1.0,0.0,-0.1281015185221373,0.0,1.0,-0.1270739793494607
Dataset/synthetic_shape_dataset/star_193_original.png,Dataset/synthetic_shape_dataset/star_193_transformed_1.png,1.0,0.0,0.031828938957733255,0.0,1.0,0.02179991614469351
Dataset/synthetic_shape_dataset/star_194_original.png,Dataset/synthetic_shape_dataset/star_194_transformed_0.png,1.0,0.0,0.012082342171976068,0.0,1.0,-0.17541944876661872
Dataset/synthetic_shape_dataset/star_194_original.png,Dataset/synthetic_shape_dataset/star_194_transformed_1.png,1.0,0.0,-0.15428312045195428,0.0,1.0,-0.19495344467666623
Dataset/synthetic_shape_dataset/star_195_original.png,Dataset/synthetic_shape_dataset/star_195_transformed_0.png,1.0,0.0,-0.10928850568390232,0.0,1.0,0.14057168808570714
Dataset/synthetic_shape_dataset/star_195_original.png,Dataset/synthetic_shape_dataset/star_195_transformed_1.png,1.0,0.0,-0.025467017951551485,0.0,1.0,-0.18732150706669445
Dataset/synthetic_shape_dataset/star_196_original.png,Dataset/synthetic_shape_dataset/star_196_transformed_0.png,1.0,0.0,0.06494939054005644,0.0,1.0,0.08847735361287717
Dataset/synthetic_shape_dataset/star_196_original.png,Dataset/synthetic_shape_dataset/star_196_transformed_1.png,1.0,0.0,0.14406549899009996,0.0,1.0,-0.004407498455203079
Dataset/synthetic_shape_dataset/star_197_original.png,Dataset/synthetic_shape_dataset/star_197_transformed_0.png,1.0,0.0,0.17194289742104474,0.0,1.0,0.14350839539190868
Dataset/synthetic_shape_dataset/star_197_original.png,Dataset/synthetic_shape_dataset/star_197_transformed_1.png,1.0,0.0,0.08910653222102483,0.0,1.0,-0.05490310108619548
Dataset/synthetic_shape_dataset/star_198_original.png,Dataset/synthetic_shape_dataset/star_198_transformed_0.png,1.0,0.0,-0.146485813458479,0.0,1.0,0.021220815241471402
Dataset/synthetic_shape_dataset/star_198_original.png,Dataset/synthetic_shape_dataset/star_198_transformed_1.png,1.0,0.0,0.12464264809888748,0.0,1.0,0.009715681023018341
Dataset/synthetic_shape_dataset/star_199_original.png,Dataset/synthetic_shape_dataset/star_199_transformed_0.png,1.0,0.0,-0.15917115027929213,0.0,1.0,0.07831308209132642
Dataset/synthetic_shape_dataset/star_199_original.png,Dataset/synthetic_shape_dataset/star_199_transformed_1.png,1.0,0.0,-0.04074350863254511,0.0,1.0,0.1408427036896963
