source,target,M00,M01,M02,M10,M11,M12,image_path,keypoints
Dataset/synth_eye_hard_train/img_0_original.png,Dataset/synth_eye_hard_train/img_0_transformed_0.png,0.8315590961336108,0.1272782941481487,0.1243411080847931,-0.0615957370862662,0.8455108903215577,-0.0377979645314709,Dataset/Dataset-processed/15-12-2559/2011248/Lc/2011248_20161215__L_c2.jpg,Dataset/synth_eye_hard_train/img_0_keypoints.csv
Dataset/synth_eye_hard_train/img_1_original.png,Dataset/synth_eye_hard_train/img_1_transformed_0.png,1.08511707666749,-0.0613078601839259,0.0406072847817461,-0.1761519210646231,1.1155769461441156,0.1243887465289526,Dataset/Dataset-processed/15-12-2559/2011248/Lc/2011248_20161215__L_c1.jpg,Dataset/synth_eye_hard_train/img_1_keypoints.csv
Dataset/synth_eye_hard_train/img_2_original.png,Dataset/synth_eye_hard_train/img_2_transformed_0.png,1.078080087275101,-0.1005727182547097,-0.0599926634204061,-0.065176339115709,1.0464069594750038,-0.0972520019662217,Dataset/Dataset-processed/15-12-2559/2011248/Rb/2011248_20161215__R_b2.jpg,Dataset/synth_eye_hard_train/img_2_keypoints.csv
Dataset/synth_eye_hard_train/img_3_original.png,Dataset/synth_eye_hard_train/img_3_transformed_0.png,0.8469892247978184,0.1274334464732426,0.0704117061280805,-0.1548078527906735,0.8581117078316294,-0.0755190138514685,Dataset/Dataset-processed/15-12-2559/2011248/Rb/2011248_20161215__R_b3.jpg,Dataset/synth_eye_hard_train/img_3_keypoints.csv
Dataset/synth_eye_hard_train/img_4_original.png,Dataset/synth_eye_hard_train/img_4_transformed_0.png,0.9889840346022304,0.0450790068572072,-0.1988138275664786,-0.0977886159787485,1.161454993742798,-0.0503434074722953,Dataset/Dataset-processed/15-12-2559/2011248/Rc/2011248_20161215__R_c1.jpg,Dataset/synth_eye_hard_train/img_4_keypoints.csv
Dataset/synth_eye_hard_train/img_5_original.png,Dataset/synth_eye_hard_train/img_5_transformed_0.png,1.0305153281888466,0.0269423280542407,-0.0019671766079656,0.1405992094380153,1.0355437410334551,-0.1511145633438776,Dataset/Dataset-processed/15-12-2559/2011248/Rc/2011248_20161215__R_c2.jpg,Dataset/synth_eye_hard_train/img_5_keypoints.csv
Dataset/synth_eye_hard_train/img_6_original.png,Dataset/synth_eye_hard_train/img_6_transformed_0.png,1.028130423377965,-0.0055090182072801,-0.0343839336058734,0.0331918066383452,0.8055413516050078,-0.1907866154282901,Dataset/Dataset-processed/15-12-2559/2976988-16/b/2976988_20161216_b2.jpg,Dataset/synth_eye_hard_train/img_6_keypoints.csv
Dataset/synth_eye_hard_train/img_7_original.png,Dataset/synth_eye_hard_train/img_7_transformed_0.png,1.1740477413134325,0.1097395466803634,-0.103893045730052,-0.1140547844774804,0.8082506393872788,0.097898666293659,Dataset/Dataset-processed/15-12-2559/2976988-16/b/2976988_20161216_b1.jpg,Dataset/synth_eye_hard_train/img_7_keypoints.csv
Dataset/synth_eye_hard_train/img_8_original.png,Dataset/synth_eye_hard_train/img_8_transformed_0.png,1.0426365784014004,0.0174379945978508,-0.0092511919458455,-0.0090918428882488,0.9394411118399324,0.1753513821920204,Dataset/Dataset-processed/15-12-2559/2976988-16/c/2976988_20161216_c1.jpg,Dataset/synth_eye_hard_train/img_8_keypoints.csv
Dataset/synth_eye_hard_train/img_9_original.png,Dataset/synth_eye_hard_train/img_9_transformed_0.png,0.9957567838399528,0.0835087586430886,0.0920957634055722,0.1176295282167582,0.9471044473336953,0.0640886599092648,Dataset/Dataset-processed/15-12-2559/2976988-16/c/2976988_20161216_c2.jpg,Dataset/synth_eye_hard_train/img_9_keypoints.csv
Dataset/synth_eye_hard_train/img_10_original.png,Dataset/synth_eye_hard_train/img_10_transformed_0.png,1.1799201891817055,0.0393714096467842,0.0717816840961703,0.1394919339088286,0.8801843133823886,0.1042611491963351,Dataset/Dataset-processed/15-12-2559/2976988-15/b/2976988_20161215_b1.jpg,Dataset/synth_eye_hard_train/img_10_keypoints.csv
Dataset/synth_eye_hard_train/img_11_original.png,Dataset/synth_eye_hard_train/img_11_transformed_0.png,1.1318470494935495,0.1589695406424703,-0.0537472156896205,0.1789559818213179,1.1225415186956738,0.1151698469261255,Dataset/Dataset-processed/15-12-2559/2976988-15/b/2976988_20161215_b2.jpg,Dataset/synth_eye_hard_train/img_11_keypoints.csv
Dataset/synth_eye_hard_train/img_12_original.png,Dataset/synth_eye_hard_train/img_12_transformed_0.png,0.9916863013210406,-0.1756178056750494,-0.0499450381351185,-0.1823102118406749,0.992988870448607,0.105323125326095,Dataset/Dataset-processed/15-12-2559/2976988-15/c/2976988_20161215_c1.jpg,Dataset/synth_eye_hard_train/img_12_keypoints.csv
Dataset/synth_eye_hard_train/img_13_original.png,Dataset/synth_eye_hard_train/img_13_transformed_0.png,1.114386438224083,-0.1812444114209732,0.0180633834079645,0.080002887840835,1.088083542482297,0.0558930583259089,Dataset/Dataset-processed/15-12-2559/2976988-15/c/2976988_20161215_c3.jpg,Dataset/synth_eye_hard_train/img_13_keypoints.csv
Dataset/synth_eye_hard_train/img_14_original.png,Dataset/synth_eye_hard_train/img_14_transformed_0.png,1.1964828145945028,-0.1778156561008625,0.1481702459945821,-0.0081891537076916,0.817882764971452,-0.0082514712323344,Dataset/Dataset-processed/03-03-2560/3220394-1RL/b1/3220394_20170303_before_b2_L_01.jpg,Dataset/synth_eye_hard_train/img_14_keypoints.csv
Dataset/synth_eye_hard_train/img_15_original.png,Dataset/synth_eye_hard_train/img_15_transformed_0.png,1.1391695339497183,-0.1019957584160206,-0.0556061389972981,0.1850622885622574,1.0416304753277776,-0.1949124709819656,Dataset/Dataset-processed/03-03-2560/3220394-1RL/b1/3220394_20170303_after_b1-1_L_01.jpg,Dataset/synth_eye_hard_train/img_15_keypoints.csv
Dataset/synth_eye_hard_train/img_16_original.png,Dataset/synth_eye_hard_train/img_16_transformed_0.png,0.964354391808449,0.0115576541429347,0.1760696657726903,-0.1602648194722631,1.107272453132126,-0.1047706817458785,Dataset/Dataset-processed/03-03-2560/3220394-1RL/b1/3220394_20170303_before_b2-1_L_01.jpg,Dataset/synth_eye_hard_train/img_16_keypoints.csv
Dataset/synth_eye_hard_train/img_17_original.png,Dataset/synth_eye_hard_train/img_17_transformed_0.png,1.0538821367306974,-0.0246897776601782,-0.0986101409736704,0.0647908916274471,0.8116774456472505,0.0863737434729667,Dataset/Dataset-processed/03-03-2560/3220394-1RL/b1/3220394_20170303_before_b3_L_01.jpg,Dataset/synth_eye_hard_train/img_17_keypoints.csv
Dataset/synth_eye_hard_train/img_18_original.png,Dataset/synth_eye_hard_train/img_18_transformed_0.png,1.1104278682673487,0.0170330270924655,0.1951002609318752,0.1229201901159052,1.1536019301492622,0.0637211140838497,Dataset/Dataset-processed/03-03-2560/3220394-1RL/b1/3220394_20170303_before_b1_L_01.jpg,Dataset/synth_eye_hard_train/img_18_keypoints.csv
Dataset/synth_eye_hard_train/img_19_original.png,Dataset/synth_eye_hard_train/img_19_transformed_0.png,1.1433860506502929,0.0968265222322165,-0.1484420993238513,-0.1360926711456739,0.8049027155264811,-0.1352372962304145,Dataset/Dataset-processed/03-03-2560/3220394-1RL/b1/3220394_20170303_after_b3_L_01.jpg,Dataset/synth_eye_hard_train/img_19_keypoints.csv
Dataset/synth_eye_hard_train/img_20_original.png,Dataset/synth_eye_hard_train/img_20_transformed_0.png,1.0824341351224984,-0.0702932783908035,0.0708413196245496,-0.1393106377361212,0.8371341955661805,0.1201754003657778,Dataset/Dataset-processed/03-03-2560/3220394-1RL/b1/3220394_20170303_before_b1-1_L_01.jpg,Dataset/synth_eye_hard_train/img_20_keypoints.csv
Dataset/synth_eye_hard_train/img_21_original.png,Dataset/synth_eye_hard_train/img_21_transformed_0.png,0.9223030314987088,-0.1519801468802633,-0.0575536994580388,0.1889728860546617,0.980793364954402,0.0747796969585732,Dataset/Dataset-processed/03-03-2560/3220394-1RL/b1/3220394_20170303_before_b3-1_L_01.jpg,Dataset/synth_eye_hard_train/img_21_keypoints.csv
Dataset/synth_eye_hard_train/img_22_original.png,Dataset/synth_eye_hard_train/img_22_transformed_0.png,0.9045002417048238,0.1951329705756907,-0.079968304073645,0.0741172410674654,1.137310541674289,0.1781451213453768,Dataset/Dataset-processed/03-03-2560/3220394-1RL/b1/3220394_20170303_after_b3-1_L_01.jpg,Dataset/synth_eye_hard_train/img_22_keypoints.csv
Dataset/synth_eye_hard_train/img_23_original.png,Dataset/synth_eye_hard_train/img_23_transformed_0.png,0.8484767887510644,-0.0359259988422893,-0.1665203899692262,0.1368518012792758,1.0066072554340575,-0.023087196225314,Dataset/Dataset-processed/03-03-2560/3220394-1RL/b1/3220394_20170303_after_b2_L_01.jpg,Dataset/synth_eye_hard_train/img_23_keypoints.csv
Dataset/synth_eye_hard_train/img_24_original.png,Dataset/synth_eye_hard_train/img_24_transformed_0.png,1.0043140526003262,-0.0366273525180363,-0.0574003452146631,0.1662466932149146,1.0393002967837155,0.0304320776594259,Dataset/Dataset-processed/03-03-2560/3220394-1RL/b1/3220394_20170303_after_b1_L_01.jpg,Dataset/synth_eye_hard_train/img_24_keypoints.csv
Dataset/synth_eye_hard_train/img_25_original.png,Dataset/synth_eye_hard_train/img_25_transformed_0.png,1.1355053380476952,0.0865138300121881,-0.0767901948132024,-0.0435050067077082,0.908347828827806,0.0783559549746191,Dataset/Dataset-processed/03-03-2560/3220394-1RL/c2/3220394_20170303_after_c2-1_R_01.jpg,Dataset/synth_eye_hard_train/img_25_keypoints.csv
Dataset/synth_eye_hard_train/img_26_original.png,Dataset/synth_eye_hard_train/img_26_transformed_0.png,1.121264834755943,-0.0023190007557577,0.0825082163992929,-0.0077715783003983,1.1868021733502852,-0.0606000062660691,Dataset/Dataset-processed/03-03-2560/3220394-1RL/c2/3220394_20170303_before_c3-1_R_01.jpg,Dataset/synth_eye_hard_train/img_26_keypoints.csv
Dataset/synth_eye_hard_train/img_27_original.png,Dataset/synth_eye_hard_train/img_27_transformed_0.png,0.9923493152716464,0.0943631513654457,-0.1124221016978169,-0.0618197467337847,0.9207406447636846,-0.1938957399700891,Dataset/Dataset-processed/03-03-2560/3220394-1RL/c2/3220394_20170303_before_c2_R_01.jpg,Dataset/synth_eye_hard_train/img_27_keypoints.csv
Dataset/synth_eye_hard_train/img_28_original.png,Dataset/synth_eye_hard_train/img_28_transformed_0.png,1.1245797621743736,-0.0498609786514542,0.157216884761027,-0.021546522821522,0.9099233781382275,0.0080388869602178,Dataset/Dataset-processed/03-03-2560/3220394-1RL/c2/3220394_20170303_after_c3_R_01.jpg,Dataset/synth_eye_hard_train/img_28_keypoints.csv
Dataset/synth_eye_hard_train/img_29_original.png,Dataset/synth_eye_hard_train/img_29_transformed_0.png,0.8881725748193264,0.0806045819146194,0.1876139524933007,-0.136975914209372,1.0610302368326003,0.1700404388166139,Dataset/Dataset-processed/03-03-2560/3220394-1RL/c2/3220394_20170303_after_c1_R_01.jpg,Dataset/synth_eye_hard_train/img_29_keypoints.csv
Dataset/synth_eye_hard_train/img_30_original.png,Dataset/synth_eye_hard_train/img_30_transformed_0.png,0.8081862232357804,0.0875925133265741,0.16803720789439,0.1177876541369455,0.8037867848096034,-0.1964614240276552,Dataset/Dataset-processed/03-03-2560/3220394-1RL/c2/3220394_20170303_after_c3-1_R_01.jpg,Dataset/synth_eye_hard_train/img_30_keypoints.csv
Dataset/synth_eye_hard_train/img_31_original.png,Dataset/synth_eye_hard_train/img_31_transformed_0.png,0.8692227321889645,0.0954501317052602,0.0824239870372249,0.0145069619795895,1.1307137472012694,0.1468152408873984,Dataset/Dataset-processed/03-03-2560/3220394-1RL/c2/3220394_20170303_before_c1-1_R_01.jpg,Dataset/synth_eye_hard_train/img_31_keypoints.csv
Dataset/synth_eye_hard_train/img_32_original.png,Dataset/synth_eye_hard_train/img_32_transformed_0.png,0.96114940463853,-0.093300501154126,0.0331854522901987,-0.1523844369571495,1.0106209767468173,0.1169625049216333,Dataset/Dataset-processed/03-03-2560/3220394-1RL/c2/3220394_20170303_before_c3_R_01.jpg,Dataset/synth_eye_hard_train/img_32_keypoints.csv
Dataset/synth_eye_hard_train/img_33_original.png,Dataset/synth_eye_hard_train/img_33_transformed_0.png,1.007422778256476,-0.10438668363269,0.0877409644190572,-0.1721023281189184,1.070882882316618,-0.1746880767419085,Dataset/Dataset-processed/03-03-2560/3220394-1RL/c2/3220394_20170303_after_c1-1_R_01.jpg,Dataset/synth_eye_hard_train/img_33_keypoints.csv
Dataset/synth_eye_hard_train/img_34_original.png,Dataset/synth_eye_hard_train/img_34_transformed_0.png,0.9757967926778148,-0.0223731077120824,-0.015686338843552,-0.1339549476770117,0.9802502758886076,-0.0318026354993699,Dataset/Dataset-processed/03-03-2560/3220394-1RL/c2/3220394_20170303_after_c2_R_01.jpg,Dataset/synth_eye_hard_train/img_34_keypoints.csv
Dataset/synth_eye_hard_train/img_35_original.png,Dataset/synth_eye_hard_train/img_35_transformed_0.png,1.0944542154016266,0.06811402592774,-0.1059348081022185,0.0353524243187085,1.0693362519388965,0.0916577336930968,Dataset/Dataset-processed/03-03-2560/3220394-1RL/c2/3220394_20170303_before_c2-1_R_01.jpg,Dataset/synth_eye_hard_train/img_35_keypoints.csv
Dataset/synth_eye_hard_train/img_36_original.png,Dataset/synth_eye_hard_train/img_36_transformed_0.png,1.0430385116597745,0.0901874312527082,-0.0963883612577908,0.1545975190502639,0.9014227147558118,-0.1409229574752062,Dataset/Dataset-processed/03-03-2560/3220394-1RL/c1/3220394_20170303_after_c2_L_01.jpg,Dataset/synth_eye_hard_train/img_36_keypoints.csv
Dataset/synth_eye_hard_train/img_37_original.png,Dataset/synth_eye_hard_train/img_37_transformed_0.png,0.9431218591138256,-0.1747003881446313,-0.1639133281224747,0.1135663909287758,0.872829501918528,-0.1049224920526864,Dataset/Dataset-processed/03-03-2560/3220394-1RL/c1/3220394_20170303_after_c1-1_L_01.jpg,Dataset/synth_eye_hard_train/img_37_keypoints.csv
Dataset/synth_eye_hard_train/img_38_original.png,Dataset/synth_eye_hard_train/img_38_transformed_0.png,1.119154100168398,0.1419599901493697,0.1767223756802463,0.0105490887181312,0.9957470862994344,-0.0370736526745872,Dataset/Dataset-processed/03-03-2560/3220394-1RL/c1/3220394_20170303_after_c3_L_01.jpg,Dataset/synth_eye_hard_train/img_38_keypoints.csv
Dataset/synth_eye_hard_train/img_39_original.png,Dataset/synth_eye_hard_train/img_39_transformed_0.png,1.1447979604959044,0.1138820903505614,0.1688489949387301,-0.1932547047065514,0.9862308269182332,0.1153407538063986,Dataset/Dataset-processed/03-03-2560/3220394-1RL/c1/3220394_20170303_before_c2_L_01.jpg,Dataset/synth_eye_hard_train/img_39_keypoints.csv
Dataset/synth_eye_hard_train/img_40_original.png,Dataset/synth_eye_hard_train/img_40_transformed_0.png,0.9359903603946226,0.1350598480658124,-0.1983495741367461,-0.0967908507138234,1.033069224859363,0.0561140904523063,Dataset/Dataset-processed/03-03-2560/3220394-1RL/c1/3220394_20170303_before_c2-1_L_01.jpg,Dataset/synth_eye_hard_train/img_40_keypoints.csv
Dataset/synth_eye_hard_train/img_41_original.png,Dataset/synth_eye_hard_train/img_41_transformed_0.png,1.0598269942937806,-0.0667229620489432,0.1037260405655253,-0.1430881931395909,0.934298624716162,-0.0957215364663614,Dataset/Dataset-processed/03-03-2560/3220394-1RL/c1/3220394_20170303_before_c3_L_01.jpg,Dataset/synth_eye_hard_train/img_41_keypoints.csv
Dataset/synth_eye_hard_train/img_42_original.png,Dataset/synth_eye_hard_train/img_42_transformed_0.png,0.8270964088472065,-0.1320792664280613,-0.1759466515619513,0.1888064308164624,1.0773052852251863,-0.0181254998429342,Dataset/Dataset-processed/03-03-2560/3220394-1RL/c1/3220394_20170303_after_c3-1_L_01.jpg,Dataset/synth_eye_hard_train/img_42_keypoints.csv
Dataset/synth_eye_hard_train/img_43_original.png,Dataset/synth_eye_hard_train/img_43_transformed_0.png,0.9166891187224356,0.0657698723461647,-0.0670492507434263,0.1851230874741705,1.0917276444545012,-0.1769774942609349,Dataset/Dataset-processed/03-03-2560/3220394-1RL/c1/3220394_20170303_before_c1_L_01.jpg,Dataset/synth_eye_hard_train/img_43_keypoints.csv
Dataset/synth_eye_hard_train/img_44_original.png,Dataset/synth_eye_hard_train/img_44_transformed_0.png,0.8710376881383759,0.1186006594410136,0.0501132896271966,0.0392110990887627,0.98763777710029,-0.0360880806123082,Dataset/Dataset-processed/03-03-2560/3220394-1RL/c1/3220394_20170303_before_c3-1_L_01.jpg,Dataset/synth_eye_hard_train/img_44_keypoints.csv
Dataset/synth_eye_hard_train/img_45_original.png,Dataset/synth_eye_hard_train/img_45_transformed_0.png,1.1778280293386594,-0.0186442601799827,-0.0532528892588218,-0.1874165280198479,0.8411831494241508,-0.1125247514708783,Dataset/Dataset-processed/03-03-2560/3220394-1RL/c1/3220394_20170303_after_c1_L_01.jpg,Dataset/synth_eye_hard_train/img_45_keypoints.csv
Dataset/synth_eye_hard_train/img_46_original.png,Dataset/synth_eye_hard_train/img_46_transformed_0.png,0.8639510958882702,-0.0919921139499801,-0.0687325918860547,0.0561635101299357,1.1535839015954026,-0.171014083024361,Dataset/Dataset-processed/03-03-2560/3220394-1RL/c1/3220394_20170303_before_c1-1_L_01.jpg,Dataset/synth_eye_hard_train/img_46_keypoints.csv
Dataset/synth_eye_hard_train/img_47_original.png,Dataset/synth_eye_hard_train/img_47_transformed_0.png,0.8860510902376526,0.1588423873362,-0.0438216033888544,0.1682983651897122,0.8053256441987352,0.0589969310330045,Dataset/Dataset-processed/03-03-2560/3220394-1RL/b2/3220394_20170303_after_b2-1_R_01.jpg,Dataset/synth_eye_hard_train/img_47_keypoints.csv
Dataset/synth_eye_hard_train/img_48_original.png,Dataset/synth_eye_hard_train/img_48_transformed_0.png,1.133973174587363,-0.1500168728810836,0.051293530124953,-0.1295956995696524,1.1697950784800666,0.1961223667663912,Dataset/Dataset-processed/03-03-2560/3220394-1RL/b2/3220394_20170303_before_b1-1_R_01.jpg,Dataset/synth_eye_hard_train/img_48_keypoints.csv
Dataset/synth_eye_hard_train/img_49_original.png,Dataset/synth_eye_hard_train/img_49_transformed_0.png,1.0342711674920968,-0.0203065190566545,-0.0452715252174248,0.051656495080753,1.1647109222040617,-0.127585915658818,Dataset/Dataset-processed/03-03-2560/3220394-1RL/b2/3220394_20170303_after_b2_R_01.jpg,Dataset/synth_eye_hard_train/img_49_keypoints.csv
Dataset/synth_eye_hard_train/img_50_original.png,Dataset/synth_eye_hard_train/img_50_transformed_0.png,1.1058870435626285,-0.1253285217010353,-0.0729348061226128,-0.1474020225987327,1.1579752499538607,-0.0750876917976284,Dataset/Dataset-processed/03-03-2560/3220394-1RL/b2/3220394_20170303_after_b3-1_R_01.jpg,Dataset/synth_eye_hard_train/img_50_keypoints.csv
Dataset/synth_eye_hard_train/img_51_original.png,Dataset/synth_eye_hard_train/img_51_transformed_0.png,1.1944491838169664,-0.1440997808454542,0.0227647834401437,-0.1462632685824249,1.039046017330146,0.0063790215786926,Dataset/Dataset-processed/03-03-2560/3220394-1RL/b2/3220394_20170303_before_b2_R_01.jpg,Dataset/synth_eye_hard_train/img_51_keypoints.csv
Dataset/synth_eye_hard_train/img_52_original.png,Dataset/synth_eye_hard_train/img_52_transformed_0.png,0.8114669540619976,-0.033813816028389,-0.1222136383489477,-0.1071724560226067,1.0016362339126643,0.123263393273422,Dataset/Dataset-processed/03-03-2560/3220394-1RL/b2/3220394_20170303_before_b3-1_R_01.jpg,Dataset/synth_eye_hard_train/img_52_keypoints.csv
Dataset/synth_eye_hard_train/img_53_original.png,Dataset/synth_eye_hard_train/img_53_transformed_0.png,0.8015215644657258,-0.0537630364831255,-0.1262142649130666,-0.1627998202916518,0.9744543978895984,0.1858400543055726,Dataset/Dataset-processed/03-03-2560/3220394-1RL/b2/3220394_20170303_after_b1_R_01.jpg,Dataset/synth_eye_hard_train/img_53_keypoints.csv
Dataset/synth_eye_hard_train/img_54_original.png,Dataset/synth_eye_hard_train/img_54_transformed_0.png,1.0451240533617834,0.0447265198707895,0.057278162060357,0.1014439639109878,0.9061618790283094,0.0482479888991005,Dataset/Dataset-processed/03-03-2560/3220394-1RL/b2/3220394_20170303_after_b1-1_R_01.jpg,Dataset/synth_eye_hard_train/img_54_keypoints.csv
Dataset/synth_eye_hard_train/img_55_original.png,Dataset/synth_eye_hard_train/img_55_transformed_0.png,1.0613770198891772,0.0886034603580662,0.1756207431566136,0.0658406005957945,0.8933184954195695,-0.101100702420642,Dataset/Dataset-processed/03-03-2560/3220394-1RL/b2/3220394_20170303_before_b1_R_01.jpg,Dataset/synth_eye_hard_train/img_55_keypoints.csv
Dataset/synth_eye_hard_train/img_56_original.png,Dataset/synth_eye_hard_train/img_56_transformed_0.png,1.1169426985222066,-0.0899770397463459,-0.0808966734703387,-0.0436293645503383,1.0077408907301166,0.1763894297667249,Dataset/Dataset-processed/03-03-2560/3220394-1RL/b2/3220394_20170303_before_b2-1_R_01.jpg,Dataset/synth_eye_hard_train/img_56_keypoints.csv
Dataset/synth_eye_hard_train/img_57_original.png,Dataset/synth_eye_hard_train/img_57_transformed_0.png,0.9612949506682276,-0.0965467203072235,-0.0707529211501208,0.1094332188561326,0.9109183904576436,0.0002776442308992,Dataset/Dataset-processed/03-03-2560/3220394-1RL/b2/3220394_20170303_after_b3_R_01.jpg,Dataset/synth_eye_hard_train/img_57_keypoints.csv
Dataset/synth_eye_hard_train/img_58_original.png,Dataset/synth_eye_hard_train/img_58_transformed_0.png,1.048847140829248,0.0325576978464516,0.1413338917831575,0.1913687987172824,0.9065230853757416,0.0665220944690266,Dataset/Dataset-processed/03-03-2560/1790390-1R/b/1790390_20170303_before_b3.jpg,Dataset/synth_eye_hard_train/img_58_keypoints.csv
Dataset/synth_eye_hard_train/img_59_original.png,Dataset/synth_eye_hard_train/img_59_transformed_0.png,0.8931202117939354,-0.14091594401084,0.0846076230368223,0.1664336184280752,1.1386270010548916,-0.0195445571399084,Dataset/Dataset-processed/03-03-2560/1790390-1R/b/1790390_20170303_after_b2-1.jpg,Dataset/synth_eye_hard_train/img_59_keypoints.csv
Dataset/synth_eye_hard_train/img_60_original.png,Dataset/synth_eye_hard_train/img_60_transformed_0.png,0.99112551675827,-0.0760888671835584,0.1223521925057701,0.0481631510662392,0.8544067618347606,-0.1499772684446412,Dataset/Dataset-processed/03-03-2560/1790390-1R/b/1790390_20170303_before_b3-1.jpg,Dataset/synth_eye_hard_train/img_60_keypoints.csv
Dataset/synth_eye_hard_train/img_61_original.png,Dataset/synth_eye_hard_train/img_61_transformed_0.png,1.178509643386014,-0.0847291292755281,-0.0519249890675328,0.1871659434549075,0.8327846769417891,-0.1500617126155689,Dataset/Dataset-processed/03-03-2560/1790390-1R/b/1790390_20170303_before_b1.jpg,Dataset/synth_eye_hard_train/img_61_keypoints.csv
Dataset/synth_eye_hard_train/img_62_original.png,Dataset/synth_eye_hard_train/img_62_transformed_0.png,1.087127220422139,-0.1892685025954078,0.1077174338705128,-0.0051615534555629,1.0111429101236504,-0.0072245926794413,Dataset/Dataset-processed/03-03-2560/1790390-1R/b/1790390_20170303_before_b1-1.jpg,Dataset/synth_eye_hard_train/img_62_keypoints.csv
Dataset/synth_eye_hard_train/img_63_original.png,Dataset/synth_eye_hard_train/img_63_transformed_0.png,0.8094202256465832,-0.0004000127499853,0.1002956061473702,-0.1884282666412822,1.0134062796295449,-0.1475286244569151,Dataset/Dataset-processed/03-03-2560/1790390-1R/b/1790390_20170303_after_b3-1.jpg,Dataset/synth_eye_hard_train/img_63_keypoints.csv
Dataset/synth_eye_hard_train/img_64_original.png,Dataset/synth_eye_hard_train/img_64_transformed_0.png,1.0265713445109828,-0.1049887665758052,-0.0091383749659955,-0.0543536901760793,0.9019365652266536,0.0423729292319071,Dataset/Dataset-processed/03-03-2560/1790390-1R/b/1790390_20170303_before_b2.jpg,Dataset/synth_eye_hard_train/img_64_keypoints.csv
Dataset/synth_eye_hard_train/img_65_original.png,Dataset/synth_eye_hard_train/img_65_transformed_0.png,0.9836251542312388,0.1716290013834737,-0.0415534769902415,-0.057788537357792,1.1815055448970924,-0.1783820975517155,Dataset/Dataset-processed/03-03-2560/1790390-1R/b/1790390_20170303_after_b2.jpg,Dataset/synth_eye_hard_train/img_65_keypoints.csv
Dataset/synth_eye_hard_train/img_66_original.png,Dataset/synth_eye_hard_train/img_66_transformed_0.png,0.9612724288968368,0.116019689617784,-0.0398678179321503,-0.0735706681308494,0.85199394252704,0.0430339990051494,Dataset/Dataset-processed/03-03-2560/1790390-1R/b/1790390_20170303_after_b3.jpg,Dataset/synth_eye_hard_train/img_66_keypoints.csv
Dataset/synth_eye_hard_train/img_67_original.png,Dataset/synth_eye_hard_train/img_67_transformed_0.png,0.93852262927785,-0.0579139020772665,0.0055100886572469,0.090207667588903,1.0586267700400254,-0.14784847441321,Dataset/Dataset-processed/03-03-2560/1790390-1R/b/1790390_20170303_after_b1-1.jpg,Dataset/synth_eye_hard_train/img_67_keypoints.csv
Dataset/synth_eye_hard_train/img_68_original.png,Dataset/synth_eye_hard_train/img_68_transformed_0.png,0.8051908950951161,0.1977516303478728,-0.0099284778017907,0.030145162422369,1.1273134145522392,0.1593221832705043,Dataset/Dataset-processed/03-03-2560/1790390-1R/b/1790390_20170303_after_b1.jpg,Dataset/synth_eye_hard_train/img_68_keypoints.csv
Dataset/synth_eye_hard_train/img_69_original.png,Dataset/synth_eye_hard_train/img_69_transformed_0.png,0.8613064567015846,-0.1796195090019427,-0.0537925811387789,-0.1645786352296573,0.8547078646049897,-0.0270894611089995,Dataset/Dataset-processed/03-03-2560/1790390-1R/c/1790390_20170303_before_c2-1.jpg,Dataset/synth_eye_hard_train/img_69_keypoints.csv
Dataset/synth_eye_hard_train/img_70_original.png,Dataset/synth_eye_hard_train/img_70_transformed_0.png,1.1666714450225446,-0.1170146277291778,-0.0107162567181469,0.0804520143955878,0.8840768041542637,0.1164397679654472,Dataset/Dataset-processed/03-03-2560/1790390-1R/c/1790390_20170303_after_c2-1.jpg,Dataset/synth_eye_hard_train/img_70_keypoints.csv
Dataset/synth_eye_hard_train/img_71_original.png,Dataset/synth_eye_hard_train/img_71_transformed_0.png,0.9235581992299712,0.1316285382862767,-0.1997114041081764,-0.0828324798395364,0.8585211717888368,0.1633514351451997,Dataset/Dataset-processed/03-03-2560/1790390-1R/c/1790390_20170303_after_c1.jpg,Dataset/synth_eye_hard_train/img_71_keypoints.csv
Dataset/synth_eye_hard_train/img_72_original.png,Dataset/synth_eye_hard_train/img_72_transformed_0.png,1.003681432992227,-0.1805222795291066,0.1082672020723788,-0.1858446145286091,0.9626994652353972,-0.0287337659425138,Dataset/Dataset-processed/03-03-2560/1790390-1R/c/1790390_20170303_after_c2.jpg,Dataset/synth_eye_hard_train/img_72_keypoints.csv
Dataset/synth_eye_hard_train/img_73_original.png,Dataset/synth_eye_hard_train/img_73_transformed_0.png,0.899694517697818,-0.1659433416089542,-0.0406737866152492,-0.011668656547047,0.9041983061940554,-0.1470189994878847,Dataset/Dataset-processed/03-03-2560/1790390-1R/c/1790390_20170303_before_c3.jpg,Dataset/synth_eye_hard_train/img_73_keypoints.csv
Dataset/synth_eye_hard_train/img_74_original.png,Dataset/synth_eye_hard_train/img_74_transformed_0.png,0.8337235883525541,-0.0976035524898417,0.1432065400684508,-0.1863082445453267,0.8901340672095965,0.1488887952891412,Dataset/Dataset-processed/03-03-2560/1790390-1R/c/1790390_20170303_before_c2.jpg,Dataset/synth_eye_hard_train/img_74_keypoints.csv
Dataset/synth_eye_hard_train/img_75_original.png,Dataset/synth_eye_hard_train/img_75_transformed_0.png,0.9960665921429996,0.1820781135232938,-0.1902914513449403,-0.0164160491593054,1.1319402778211052,-0.1813046462893974,Dataset/Dataset-processed/03-03-2560/1790390-1R/c/1790390_20170303_before_c1-1.jpg,Dataset/synth_eye_hard_train/img_75_keypoints.csv
Dataset/synth_eye_hard_train/img_76_original.png,Dataset/synth_eye_hard_train/img_76_transformed_0.png,0.8597143576104896,-0.0668936943085126,0.1355608220987247,0.1865200414090387,0.8808336998538725,-0.1779597590873433,Dataset/Dataset-processed/03-03-2560/1790390-1R/c/1790390_20170303_after_c3-1.jpg,Dataset/synth_eye_hard_train/img_76_keypoints.csv
Dataset/synth_eye_hard_train/img_77_original.png,Dataset/synth_eye_hard_train/img_77_transformed_0.png,0.9894276818606992,-0.1645571007717325,0.1183987321994899,-0.1714376264011937,0.8819772232001023,0.107313623466943,Dataset/Dataset-processed/03-03-2560/1790390-1R/c/1790390_20170303_before_c1.jpg,Dataset/synth_eye_hard_train/img_77_keypoints.csv
Dataset/synth_eye_hard_train/img_78_original.png,Dataset/synth_eye_hard_train/img_78_transformed_0.png,1.0044730735842768,-0.0004963010652431,-0.1198173026354338,0.0219565156790017,0.8379320579534325,-0.1334954387366564,Dataset/Dataset-processed/03-03-2560/1790390-1R/c/1790390_20170303_after_c1-1.jpg,Dataset/synth_eye_hard_train/img_78_keypoints.csv
Dataset/synth_eye_hard_train/img_79_original.png,Dataset/synth_eye_hard_train/img_79_transformed_0.png,0.9112581239258342,-0.0446578711529077,-0.0532296972542813,-0.1373216098528554,0.8344972839130813,-0.1842942137894116,Dataset/Dataset-processed/03-03-2560/1387253-1R/b/1387253_20170303_after_b2.jpg,Dataset/synth_eye_hard_train/img_79_keypoints.csv
Dataset/synth_eye_hard_train/img_80_original.png,Dataset/synth_eye_hard_train/img_80_transformed_0.png,0.834100529325383,-0.0179333559115573,-0.1130103744132671,-0.0134017802228211,1.196970778458286,0.0025013976853585,Dataset/Dataset-processed/03-03-2560/1387253-1R/b/1387253_20170303_before_b2-1.jpg,Dataset/synth_eye_hard_train/img_80_keypoints.csv
Dataset/synth_eye_hard_train/img_81_original.png,Dataset/synth_eye_hard_train/img_81_transformed_0.png,0.8057617195097667,-0.044043952351674,0.0571327566579664,0.1687199375181441,0.8746789805228387,0.1020890487957461,Dataset/Dataset-processed/03-03-2560/1387253-1R/b/1387253_20170303_before_b2.jpg,Dataset/synth_eye_hard_train/img_81_keypoints.csv
Dataset/synth_eye_hard_train/img_82_original.png,Dataset/synth_eye_hard_train/img_82_transformed_0.png,1.1673006027286392,-0.0465549579328746,0.1842790323763775,-0.1253350243254654,1.1497735780776512,-0.1949202695409244,Dataset/Dataset-processed/03-03-2560/1387253-1R/b/1387253_20170303_before_b1-1.jpg,Dataset/synth_eye_hard_train/img_82_keypoints.csv
Dataset/synth_eye_hard_train/img_83_original.png,Dataset/synth_eye_hard_train/img_83_transformed_0.png,1.107489001859431,-0.1470036469508026,-0.1525575359349993,-0.0658199936006141,1.0871844774209505,0.044101148618756,Dataset/Dataset-processed/03-03-2560/1387253-1R/b/1387253_20170303_before_b1.jpg,Dataset/synth_eye_hard_train/img_83_keypoints.csv
Dataset/synth_eye_hard_train/img_84_original.png,Dataset/synth_eye_hard_train/img_84_transformed_0.png,1.1242533957637295,0.0816309230059267,-0.0648830432755585,-0.0486578312834439,0.8333382829073442,0.049908520746725,Dataset/Dataset-processed/03-03-2560/1387253-1R/b/1387253_20170303_before_b3.jpg,Dataset/synth_eye_hard_train/img_84_keypoints.csv
Dataset/synth_eye_hard_train/img_85_original.png,Dataset/synth_eye_hard_train/img_85_transformed_0.png,0.933882256573738,-0.0061743575365775,0.1793553729436574,-0.1041868360576085,0.8700643614445143,0.1586102314434083,Dataset/Dataset-processed/03-03-2560/1387253-1R/b/1387253_20170303_before_b3-1.jpg,Dataset/synth_eye_hard_train/img_85_keypoints.csv
Dataset/synth_eye_hard_train/img_86_original.png,Dataset/synth_eye_hard_train/img_86_transformed_0.png,1.0356126473421996,0.0572434437794177,0.1628383470823943,-0.1524921060124059,1.1342823509691875,-0.0140033046577192,Dataset/Dataset-processed/03-03-2560/1387253-1R/b/1387253_20170303_after_b1.jpg,Dataset/synth_eye_hard_train/img_86_keypoints.csv
Dataset/synth_eye_hard_train/img_87_original.png,Dataset/synth_eye_hard_train/img_87_transformed_0.png,0.8449242358758509,-0.1815375719982614,-0.0847547456437376,-0.0566334348445991,1.1747158098340047,-0.1351182830451845,Dataset/Dataset-processed/03-03-2560/1387253-1R/c/1387253_20170303_before_c1.jpg,Dataset/synth_eye_hard_train/img_87_keypoints.csv
Dataset/synth_eye_hard_train/img_88_original.png,Dataset/synth_eye_hard_train/img_88_transformed_0.png,0.9551150531521436,-0.1209903825957542,0.1049774000872724,0.1792436615004759,0.9969397840492652,-0.0452199865238021,Dataset/Dataset-processed/03-03-2560/1387253-1R/c/1387253_20170303_before_c2-1.jpg,Dataset/synth_eye_hard_train/img_88_keypoints.csv
Dataset/synth_eye_hard_train/img_89_original.png,Dataset/synth_eye_hard_train/img_89_transformed_0.png,1.1773055165322968,0.0467647579080595,-0.1448771470183415,-0.1045632105173182,0.956229406547715,0.1418854503751866,Dataset/Dataset-processed/03-03-2560/1387253-1R/c/1387253_20170303_before_c1-1.jpg,Dataset/synth_eye_hard_train/img_89_keypoints.csv
Dataset/synth_eye_hard_train/img_90_original.png,Dataset/synth_eye_hard_train/img_90_transformed_0.png,1.1365222608061367,0.0487145746925399,-0.0757385808630223,0.1299558438068153,0.996690787763182,-0.1186721729257436,Dataset/Dataset-processed/03-03-2560/1387253-1R/c/1387253_20170303_after_c1.jpg,Dataset/synth_eye_hard_train/img_90_keypoints.csv
Dataset/synth_eye_hard_train/img_91_original.png,Dataset/synth_eye_hard_train/img_91_transformed_0.png,1.1082700874797555,-0.1694410042371247,0.0281625744431853,-0.1841716678753286,0.9697077382279498,-0.0245729836308636,Dataset/Dataset-processed/03-03-2560/1387253-1R/c/1387253_20170303_after_c2.jpg,Dataset/synth_eye_hard_train/img_91_keypoints.csv
Dataset/synth_eye_hard_train/img_92_original.png,Dataset/synth_eye_hard_train/img_92_transformed_0.png,0.9325029503751918,-0.1647045077658628,-0.0616985236441149,-0.0713545636538034,0.9887486406037908,-0.1032107941950598,Dataset/Dataset-processed/03-03-2560/1387253-1R/c/1387253_20170303_after_c3.jpg,Dataset/synth_eye_hard_train/img_92_keypoints.csv
Dataset/synth_eye_hard_train/img_93_original.png,Dataset/synth_eye_hard_train/img_93_transformed_0.png,0.8095011108347813,-0.1861880044725593,-0.1605700423084648,0.139201146454874,0.9442409743315394,-0.0216313853782674,Dataset/Dataset-processed/03-03-2560/1387253-1R/c/1387253_20170303_before_c3.jpg,Dataset/synth_eye_hard_train/img_93_keypoints.csv
Dataset/synth_eye_hard_train/img_94_original.png,Dataset/synth_eye_hard_train/img_94_transformed_0.png,0.8127553191990802,-0.0320072961228987,0.0900888477979316,-0.1410730381334235,1.142987261121973,-0.0367747145062381,Dataset/Dataset-processed/03-03-2560/3786536-1RL/b1/3786536_20170303_before_b1_L_01.jpg,Dataset/synth_eye_hard_train/img_94_keypoints.csv
Dataset/synth_eye_hard_train/img_95_original.png,Dataset/synth_eye_hard_train/img_95_transformed_0.png,0.9667844669444872,0.0297457877470671,-0.1245290579626119,-0.1679500995832533,1.1227972777214168,0.1662404117286575,Dataset/Dataset-processed/03-03-2560/3786536-1RL/b1/3786536_20170303_before_b3-1_L_01.jpg,Dataset/synth_eye_hard_train/img_95_keypoints.csv
Dataset/synth_eye_hard_train/img_96_original.png,Dataset/synth_eye_hard_train/img_96_transformed_0.png,0.8447903762386132,-0.0949195219878892,-0.0134778830199085,0.1860861699023536,0.9971208032642354,0.1457699517084186,Dataset/Dataset-processed/03-03-2560/3786536-1RL/b1/3786536_20170303_before_b2-1_L_01.jpg,Dataset/synth_eye_hard_train/img_96_keypoints.csv
Dataset/synth_eye_hard_train/img_97_original.png,Dataset/synth_eye_hard_train/img_97_transformed_0.png,1.176978303582706,0.1937804541337172,-0.038460480185084,0.0312591141072921,1.0100852820639672,-0.0790526083103689,Dataset/Dataset-processed/03-03-2560/3786536-1RL/b1/3786536_20170303_before_b1-1_L_01.jpg,Dataset/synth_eye_hard_train/img_97_keypoints.csv
Dataset/synth_eye_hard_train/img_98_original.png,Dataset/synth_eye_hard_train/img_98_transformed_0.png,1.1032734065226084,-0.1398996819825913,0.1232770278135543,-0.050749025564657,1.1973920110149798,0.1881020056439759,Dataset/Dataset-processed/03-03-2560/3786536-1RL/b1/3786536_20170303_before_b3_L_01.jpg,Dataset/synth_eye_hard_train/img_98_keypoints.csv
Dataset/synth_eye_hard_train/img_99_original.png,Dataset/synth_eye_hard_train/img_99_transformed_0.png,0.8103340607595411,0.0586409961146526,-0.0048159188341491,0.1607593496463451,1.0033624986225893,-0.1739215895098914,Dataset/Dataset-processed/03-03-2560/3786536-1RL/c2/3786536_20170303_before_c2_R_01.jpg,Dataset/synth_eye_hard_train/img_99_keypoints.csv
Dataset/synth_eye_hard_train/img_100_original.png,Dataset/synth_eye_hard_train/img_100_transformed_0.png,0.90554407227866,-0.0709612239936738,0.1503358519421042,0.1000772229476822,1.1127208966489028,-0.1267728332156018,Dataset/Dataset-processed/03-03-2560/3786536-1RL/c2/3786536_20170303_after_c1_R_01.jpg,Dataset/synth_eye_hard_train/img_100_keypoints.csv
Dataset/synth_eye_hard_train/img_101_original.png,Dataset/synth_eye_hard_train/img_101_transformed_0.png,1.0464644159386176,-0.1068347542537663,0.0525203004419064,-0.1525341221759933,0.9333442823515684,-0.03365117070435,Dataset/Dataset-processed/03-03-2560/3786536-1RL/c2/3786536_20170303_before_c1-1_R_01.jpg,Dataset/synth_eye_hard_train/img_101_keypoints.csv
Dataset/synth_eye_hard_train/img_102_original.png,Dataset/synth_eye_hard_train/img_102_transformed_0.png,1.0812672153944645,-0.049657082980909,-0.1318381643892549,-0.1452280022832335,0.9938802518634486,-0.106910251161746,Dataset/Dataset-processed/03-03-2560/3786536-1RL/c2/3786536_20170303_before_c3-1_R_01.jpg,Dataset/synth_eye_hard_train/img_102_keypoints.csv
Dataset/synth_eye_hard_train/img_103_original.png,Dataset/synth_eye_hard_train/img_103_transformed_0.png,0.8254724394608717,0.0237954927785538,0.1377629891554841,0.0976207040354961,0.9719173773745708,-0.1808359017001058,Dataset/Dataset-processed/03-03-2560/3786536-1RL/c2/3786536_20170303_before_c2-1_R_01.jpg,Dataset/synth_eye_hard_train/img_103_keypoints.csv
Dataset/synth_eye_hard_train/img_104_original.png,Dataset/synth_eye_hard_train/img_104_transformed_0.png,0.8119499065623687,0.1992594263076638,0.1761450778148707,-0.0799110588123881,1.0141964842773532,-0.193800990120176,Dataset/Dataset-processed/03-03-2560/3786536-1RL/c2/3786536_20170303_after_c2-1_R_01.jpg,Dataset/synth_eye_hard_train/img_104_keypoints.csv
Dataset/synth_eye_hard_train/img_105_original.png,Dataset/synth_eye_hard_train/img_105_transformed_0.png,0.9702435382552158,-0.1504258358165904,0.0991560961649694,0.1411489545683155,0.8059371097041751,0.1074597163340875,Dataset/Dataset-processed/03-03-2560/3786536-1RL/c2/3786536_20170303_before_c1_R_01.jpg,Dataset/synth_eye_hard_train/img_105_keypoints.csv
Dataset/synth_eye_hard_train/img_106_original.png,Dataset/synth_eye_hard_train/img_106_transformed_0.png,0.8386531899258385,-0.0606248678322568,0.0741092678050033,-0.0231441677920531,0.9749026985930284,0.1965725459973463,Dataset/Dataset-processed/03-03-2560/3786536-1RL/c2/3786536_20170303_after_c2_R_01.jpg,Dataset/synth_eye_hard_train/img_106_keypoints.csv
Dataset/synth_eye_hard_train/img_107_original.png,Dataset/synth_eye_hard_train/img_107_transformed_0.png,0.8046119169693506,0.1283792590247471,-0.0420102282042478,-0.0593897233865391,0.8684760935766249,-0.1595299373943027,Dataset/Dataset-processed/03-03-2560/3786536-1RL/c2/3786536_20170303_after_c3_R_01.jpg,Dataset/synth_eye_hard_train/img_107_keypoints.csv
Dataset/synth_eye_hard_train/img_108_original.png,Dataset/synth_eye_hard_train/img_108_transformed_0.png,0.8238523656769616,-0.046655309789673,0.1632289020220919,0.0670195468217295,1.07728478873244,0.1782192227947663,Dataset/Dataset-processed/03-03-2560/3786536-1RL/c2/3786536_20170303_before_c3_R_01.jpg,Dataset/synth_eye_hard_train/img_108_keypoints.csv
Dataset/synth_eye_hard_train/img_109_original.png,Dataset/synth_eye_hard_train/img_109_transformed_0.png,0.9509338811302618,0.1950433746666097,-0.1570257534618743,0.1199689228311344,1.136381190650376,0.0566972720203614,Dataset/Dataset-processed/03-03-2560/3786536-1RL/c2/3786536_20170303_after_c3-1_R_01.jpg,Dataset/synth_eye_hard_train/img_109_keypoints.csv
Dataset/synth_eye_hard_train/img_110_original.png,Dataset/synth_eye_hard_train/img_110_transformed_0.png,0.9576853644480224,-0.0781769533262598,-0.0389217793953821,-0.0474687875282272,1.1518783816620672,0.1530941602929318,Dataset/Dataset-processed/03-03-2560/3786536-1RL/c1/3786536_20170303_before_c1-1_L_01.jpg,Dataset/synth_eye_hard_train/img_110_keypoints.csv
Dataset/synth_eye_hard_train/img_111_original.png,Dataset/synth_eye_hard_train/img_111_transformed_0.png,1.1306718033421403,0.0318792513693041,-0.1303975498001437,0.1672731215410332,0.8219589088368203,0.0137206670242114,Dataset/Dataset-processed/03-03-2560/3786536-1RL/c1/3786536_20170303_before_c2_L_01.jpg,Dataset/synth_eye_hard_train/img_111_keypoints.csv
Dataset/synth_eye_hard_train/img_112_original.png,Dataset/synth_eye_hard_train/img_112_transformed_0.png,1.0749775873930996,-0.1210980033571191,0.0086969951976994,-0.099305363807468,1.199102685952396,-0.0341399784254831,Dataset/Dataset-processed/03-03-2560/3786536-1RL/c1/3786536_20170303_before_c1_L_01.jpg,Dataset/synth_eye_hard_train/img_112_keypoints.csv
Dataset/synth_eye_hard_train/img_113_original.png,Dataset/synth_eye_hard_train/img_113_transformed_0.png,1.161120701831157,-0.0075601207201627,-0.0066160150970331,-0.1241789070436235,0.9804548447814414,0.0138783965725743,Dataset/Dataset-processed/03-03-2560/3786536-1RL/c1/3786536_20170303_before_c3_L_01.jpg,Dataset/synth_eye_hard_train/img_113_keypoints.csv
Dataset/synth_eye_hard_train/img_114_original.png,Dataset/synth_eye_hard_train/img_114_transformed_0.png,0.9837014174546496,0.1355030200320459,-0.0488874753856059,0.1557102346494714,0.917626064924066,-0.0201062319623977,Dataset/Dataset-processed/03-03-2560/3786536-1RL/c1/3786536_20170303_before_c2-1_L_01.jpg,Dataset/synth_eye_hard_train/img_114_keypoints.csv
Dataset/synth_eye_hard_train/img_115_original.png,Dataset/synth_eye_hard_train/img_115_transformed_0.png,0.8380739664164433,0.059319640448979,0.0161126562515621,0.1074973621907394,1.0198644974239437,0.0765600582322855,Dataset/Dataset-processed/03-03-2560/3786536-1RL/b2/3786536_20170303_after_b2-1_R_01.jpg,Dataset/synth_eye_hard_train/img_115_keypoints.csv
Dataset/synth_eye_hard_train/img_116_original.png,Dataset/synth_eye_hard_train/img_116_transformed_0.png,1.0266123833202938,0.0300267755283953,0.1987647869350485,0.0737879656360492,1.0668574041904595,0.1196505548176813,Dataset/Dataset-processed/03-03-2560/3786536-1RL/b2/3786536_20170303_after_b1_R_01.jpg,Dataset/synth_eye_hard_train/img_116_keypoints.csv
Dataset/synth_eye_hard_train/img_117_original.png,Dataset/synth_eye_hard_train/img_117_transformed_0.png,0.907670708258136,-0.1657645801400908,0.1544785675411131,0.0359445080309313,1.1512034360375591,0.095819488194638,Dataset/Dataset-processed/03-03-2560/3786536-1RL/b2/3786536_20170303_before_b2-1_R_01.jpg,Dataset/synth_eye_hard_train/img_117_keypoints.csv
Dataset/synth_eye_hard_train/img_118_original.png,Dataset/synth_eye_hard_train/img_118_transformed_0.png,0.971569054956819,-0.1689767873397225,0.0513563884158668,0.1762217257358693,1.0997456982518252,-0.1018414768185199,Dataset/Dataset-processed/03-03-2560/3786536-1RL/b2/3786536_20170303_after_b1-1_R_01.jpg,Dataset/synth_eye_hard_train/img_118_keypoints.csv
Dataset/synth_eye_hard_train/img_119_original.png,Dataset/synth_eye_hard_train/img_119_transformed_0.png,0.8698649276751925,0.0133054763417126,-0.074028628505573,-0.0211046922386489,1.127169134686853,-0.1227078603495564,Dataset/Dataset-processed/03-03-2560/3786536-1RL/b2/3786536_20170303_after_b2_R_01.jpg,Dataset/synth_eye_hard_train/img_119_keypoints.csv
Dataset/synth_eye_hard_train/img_120_original.png,Dataset/synth_eye_hard_train/img_120_transformed_0.png,0.8003380129949951,-0.1133554059821996,0.1480963049477292,-0.1271700710366102,0.8082232879016739,0.1959864898396504,Dataset/Dataset-processed/03-03-2560/3786536-1RL/b2/3786536_20170303_before_b1-1_R_01.jpg,Dataset/synth_eye_hard_train/img_120_keypoints.csv
Dataset/synth_eye_hard_train/img_121_original.png,Dataset/synth_eye_hard_train/img_121_transformed_0.png,0.9925400298923324,0.0056703430527985,-0.0797545977017116,-0.0513008359938018,1.1411211718480732,0.1809803253614618,Dataset/Dataset-processed/03-03-2560/3786536-1RL/b2/3786536_20170303_after_b3-1_R_01.jpg,Dataset/synth_eye_hard_train/img_121_keypoints.csv
Dataset/synth_eye_hard_train/img_122_original.png,Dataset/synth_eye_hard_train/img_122_transformed_0.png,0.8670441391102449,-0.0254926531004217,0.0089585707156657,-0.1099606944846004,1.109604971554677,0.0366297326966744,Dataset/Dataset-processed/03-03-2560/3786536-1RL/b2/3786536_20170303_after_b3_R_01.jpg,Dataset/synth_eye_hard_train/img_122_keypoints.csv
Dataset/synth_eye_hard_train/img_123_original.png,Dataset/synth_eye_hard_train/img_123_transformed_0.png,0.9401310641417052,-0.1681631595727325,-0.0579737689168062,0.118852413116561,0.9144137863710112,0.1887808307766932,Dataset/Dataset-processed/03-03-2560/3786536-1RL/b2/3786536_20170303_before_b2_R_01.jpg,Dataset/synth_eye_hard_train/img_123_keypoints.csv
Dataset/synth_eye_hard_train/img_124_original.png,Dataset/synth_eye_hard_train/img_124_transformed_0.png,1.1366186006182262,-0.0390964837072627,-0.0007349269491959,-0.0599362403363904,1.0900110033813792,0.1059326037965655,Dataset/Dataset-processed/03-03-2560/3786536-1RL/b2/3786536_20170303_before_b3_R_01.jpg,Dataset/synth_eye_hard_train/img_124_keypoints.csv
Dataset/synth_eye_hard_train/img_125_original.png,Dataset/synth_eye_hard_train/img_125_transformed_0.png,1.0813339427315114,-0.149025792679259,0.1824749269282972,-0.1242163802299491,1.077924944378459,-0.1665691494450384,Dataset/Dataset-processed/03-03-2560/3786536-1RL/b2/3786536_20170303_before_b1_R_01.jpg,Dataset/synth_eye_hard_train/img_125_keypoints.csv
Dataset/synth_eye_hard_train/img_126_original.png,Dataset/synth_eye_hard_train/img_126_transformed_0.png,1.1907300404356242,0.1331141633934681,-0.1097327678102565,-0.1538102998322979,1.0692725581859115,-0.0498234452400145,Dataset/Dataset-processed/06-10-2560/b1/01102560_4.jpg,Dataset/synth_eye_hard_train/img_126_keypoints.csv
Dataset/synth_eye_hard_train/img_127_original.png,Dataset/synth_eye_hard_train/img_127_transformed_0.png,1.1530498975084411,-0.0189891580710829,0.0970277177797509,0.1696329007164974,0.8526227033616182,-0.0006272332238335,Dataset/Dataset-processed/06-10-2560/b1/17092560_2.jpg,Dataset/synth_eye_hard_train/img_127_keypoints.csv
Dataset/synth_eye_hard_train/img_128_original.png,Dataset/synth_eye_hard_train/img_128_transformed_0.png,0.921388505644596,0.1090581310339727,-0.1025708487681649,-0.1642291977224866,0.8862086820222935,-0.1602428379626664,Dataset/Dataset-processed/06-10-2560/c1/17092560_3.jpg,Dataset/synth_eye_hard_train/img_128_keypoints.csv
Dataset/synth_eye_hard_train/img_129_original.png,Dataset/synth_eye_hard_train/img_129_transformed_0.png,1.191326443945591,0.0566511257455194,0.058119814858928,-0.1994104322007509,1.1022850405332625,0.0449484525025069,Dataset/Dataset-processed/06-10-2560/c1/R3.jpg,Dataset/synth_eye_hard_train/img_129_keypoints.csv
Dataset/synth_eye_hard_train/img_130_original.png,Dataset/synth_eye_hard_train/img_130_transformed_0.png,1.1999140012700928,-0.0246347750979442,-0.0229640887966184,0.1582182517860248,1.1397379674465338,-0.0784618150589079,Dataset/Dataset-processed/06-10-2560/b2/17092560_5.jpg,Dataset/synth_eye_hard_train/img_130_keypoints.csv
Dataset/synth_eye_hard_train/img_131_original.png,Dataset/synth_eye_hard_train/img_131_transformed_0.png,1.1685516749669114,0.1594767610774953,0.1648588113582815,0.0235669417858669,1.1456541512924203,-0.1207362115436573,Dataset/Dataset-processed/02-12-2559/3609798/b/3609798_20161202_b3.jpg,Dataset/synth_eye_hard_train/img_131_keypoints.csv
Dataset/synth_eye_hard_train/img_132_original.png,Dataset/synth_eye_hard_train/img_132_transformed_0.png,0.9212168796621474,-0.0486711589712628,0.1046170060645092,-0.1505952231800564,0.9852461336689088,-0.027593218888054,Dataset/Dataset-processed/02-12-2559/3609798/b/3609798_20161202_b2.jpg,Dataset/synth_eye_hard_train/img_132_keypoints.csv
Dataset/synth_eye_hard_train/img_133_original.png,Dataset/synth_eye_hard_train/img_133_transformed_0.png,1.1014346894274891,-0.1786024185266129,0.10072675684308,-0.0309761576218033,0.8975483792046886,-0.0788607104776481,Dataset/Dataset-processed/02-12-2559/3609798/b/3609798_20161202_b1.jpg,Dataset/synth_eye_hard_train/img_133_keypoints.csv
Dataset/synth_eye_hard_train/img_134_original.png,Dataset/synth_eye_hard_train/img_134_transformed_0.png,1.1213041181113783,0.0374716860119754,-0.095750519506265,0.07026651246638,1.1485286624560715,-0.1902509516649946,Dataset/Dataset-processed/02-12-2559/3609798/c/3609798_20161202_c3.jpg,Dataset/synth_eye_hard_train/img_134_keypoints.csv
Dataset/synth_eye_hard_train/img_135_original.png,Dataset/synth_eye_hard_train/img_135_transformed_0.png,0.9914237214597952,-0.0163333628533099,0.0645969832935708,0.1253109844309771,0.8358455588069541,0.1529200042397097,Dataset/Dataset-processed/02-12-2559/3609798/c/3609798_20161202_c2.jpg,Dataset/synth_eye_hard_train/img_135_keypoints.csv
Dataset/synth_eye_hard_train/img_136_original.png,Dataset/synth_eye_hard_train/img_136_transformed_0.png,1.06628640457313,0.0661119429429207,0.155982001893133,0.1534224776770782,1.051737192385073,0.1238730192590054,Dataset/Dataset-processed/02-12-2559/2964006/b/2964006_20161202_b3.jpg,Dataset/synth_eye_hard_train/img_136_keypoints.csv
Dataset/synth_eye_hard_train/img_137_original.png,Dataset/synth_eye_hard_train/img_137_transformed_0.png,1.0446088011351438,-0.0036675140439788,0.1261010205431265,-0.0757621496198528,0.8618462678386459,0.1480284238792177,Dataset/Dataset-processed/02-12-2559/2964006/b/2964006_20161202_b2.jpg,Dataset/synth_eye_hard_train/img_137_keypoints.csv
Dataset/synth_eye_hard_train/img_138_original.png,Dataset/synth_eye_hard_train/img_138_transformed_0.png,0.9123295345075968,0.1004858193760896,0.1973349777371165,0.0322286237029215,0.852477272964751,0.10791779296898,Dataset/Dataset-processed/02-12-2559/2964006/c/2964006_20161202_c3.jpg,Dataset/synth_eye_hard_train/img_138_keypoints.csv
Dataset/synth_eye_hard_train/img_139_original.png,Dataset/synth_eye_hard_train/img_139_transformed_0.png,0.8936092515170853,-0.0386429515920339,-0.1059636380398544,0.178248038518003,0.8639720377996197,-0.1721567460809932,Dataset/Dataset-processed/02-12-2559/2964006/c/2964006_20161202_c1.jpg,Dataset/synth_eye_hard_train/img_139_keypoints.csv
Dataset/synth_eye_hard_train/img_140_original.png,Dataset/synth_eye_hard_train/img_140_transformed_0.png,1.0021170005878164,-0.1630048935226404,-0.1779268886789015,0.187843832626032,1.1640607554658555,0.0495634446122821,Dataset/Dataset-processed/02-12-2559/3375737/b/3375737_20161202_b2.jpg,Dataset/synth_eye_hard_train/img_140_keypoints.csv
Dataset/synth_eye_hard_train/img_141_original.png,Dataset/synth_eye_hard_train/img_141_transformed_0.png,1.0413745298851849,0.0144060538444962,-0.0127904652304164,-0.1007056398440887,0.8852450174765689,0.1167929164775282,Dataset/Dataset-processed/02-12-2559/3375737/b/3375737_20161202_b1.jpg,Dataset/synth_eye_hard_train/img_141_keypoints.csv
Dataset/synth_eye_hard_train/img_142_original.png,Dataset/synth_eye_hard_train/img_142_transformed_0.png,0.8845230150465975,0.1549013575469845,-0.0673862727784267,-0.1610229267747073,1.073640759090239,0.0221941146518952,Dataset/Dataset-processed/02-12-2559/3375737/c/3375737_20161202_c2.jpg,Dataset/synth_eye_hard_train/img_142_keypoints.csv
Dataset/synth_eye_hard_train/img_143_original.png,Dataset/synth_eye_hard_train/img_143_transformed_0.png,0.9748930403823122,0.1919188082289197,-0.1217318911761297,-0.0015944004742211,1.1957699501913683,0.071859716446032,Dataset/Dataset-processed/02-12-2559/3375737/c/3375737_20161202_c1.jpg,Dataset/synth_eye_hard_train/img_143_keypoints.csv
Dataset/synth_eye_hard_train/img_144_original.png,Dataset/synth_eye_hard_train/img_144_transformed_0.png,1.18403647815273,0.1820521370960009,0.0313836121851849,0.1061157563395622,1.0388607663424514,0.0576829479048835,Dataset/Dataset-processed/30-12-2559/3042768/c2/3042768_20161230__R_c3-1.jpg,Dataset/synth_eye_hard_train/img_144_keypoints.csv
Dataset/synth_eye_hard_train/img_145_original.png,Dataset/synth_eye_hard_train/img_145_transformed_0.png,0.9502985119916112,-0.0140651428573227,-0.1073595478425281,-0.1135309333208182,1.1146350827498177,0.0562432222579027,Dataset/Dataset-processed/30-12-2559/3042768/c2/3042768_20161230__R_c2.jpg,Dataset/synth_eye_hard_train/img_145_keypoints.csv
Dataset/synth_eye_hard_train/img_146_original.png,Dataset/synth_eye_hard_train/img_146_transformed_0.png,1.0924852492349473,-0.0717155174196989,-0.1315995337083013,0.1588370607464835,1.0082327210488375,-0.104149934880215,Dataset/Dataset-processed/30-12-2559/3042768/c2/3042768_20161230__R_c1.jpg,Dataset/synth_eye_hard_train/img_146_keypoints.csv
Dataset/synth_eye_hard_train/img_147_original.png,Dataset/synth_eye_hard_train/img_147_transformed_0.png,1.0943024498293814,-0.0610900375189312,-0.0070613701437918,-0.1481613539132349,1.097306291916302,0.123128614424165,Dataset/Dataset-processed/30-12-2559/3042768/c2/3042768_20161230__R_c1-1.jpg,Dataset/synth_eye_hard_train/img_147_keypoints.csv
Dataset/synth_eye_hard_train/img_148_original.png,Dataset/synth_eye_hard_train/img_148_transformed_0.png,1.155322095470246,-0.1337213803131098,-0.1518854634582029,0.1485580185832661,1.1435178929866876,0.0001064920425379,Dataset/Dataset-processed/30-12-2559/3042768/c2/3042768_20161230__R_c2-1.jpg,Dataset/synth_eye_hard_train/img_148_keypoints.csv
Dataset/synth_eye_hard_train/img_149_original.png,Dataset/synth_eye_hard_train/img_149_transformed_0.png,0.9992703412062528,-0.084356101734355,-0.0182782870342691,0.0227745729794558,1.018058973061813,0.0868315850001817,Dataset/Dataset-processed/30-12-2559/3042768/b2/3042768_20161230__R_b3-1.jpg,Dataset/synth_eye_hard_train/img_149_keypoints.csv
Dataset/synth_eye_hard_train/img_150_original.png,Dataset/synth_eye_hard_train/img_150_transformed_0.png,1.148293186516212,0.026596813939747,-0.1438197674823022,0.1234472395682963,1.136439941311113,0.1532871451778983,Dataset/Dataset-processed/30-12-2559/3042768/b2/3042768_20161230__R_b1.jpg,Dataset/synth_eye_hard_train/img_150_keypoints.csv
Dataset/synth_eye_hard_train/img_151_original.png,Dataset/synth_eye_hard_train/img_151_transformed_0.png,0.9063589516397932,-0.0023520794654102,-0.0517426237604524,0.1227384737830694,0.9735690508641756,-0.069823802692601,Dataset/Dataset-processed/30-12-2559/3042768/b2/3042768_20161230__R_b3.jpg,Dataset/synth_eye_hard_train/img_151_keypoints.csv
Dataset/synth_eye_hard_train/img_152_original.png,Dataset/synth_eye_hard_train/img_152_transformed_0.png,0.9894568176475366,-0.1485713128341582,-0.1039425640163654,0.0463376064187748,0.8031021342460114,0.1418086165970961,Dataset/Dataset-processed/30-12-2559/3042768/b2/3042768_20161230__R_b1-1.jpg,Dataset/synth_eye_hard_train/img_152_keypoints.csv
Dataset/synth_eye_hard_train/img_153_original.png,Dataset/synth_eye_hard_train/img_153_transformed_0.png,1.0169682618902731,-0.0027586229095858,-0.075955099058902,-0.1669131154623604,0.9139308142128112,0.1207679721619958,Dataset/Dataset-processed/30-12-2559/3042768/b2/3042768_20161230__R_b2-1.jpg,Dataset/synth_eye_hard_train/img_153_keypoints.csv
Dataset/synth_eye_hard_train/img_154_original.png,Dataset/synth_eye_hard_train/img_154_transformed_0.png,1.1195306806208818,-0.1522770940427449,0.1622542759835347,0.1818509696435325,1.025015864626144,-0.074669086929333,Dataset/Dataset-processed/30-12-2559/3042768/c/3042768_20161230__L_c3.jpg,Dataset/synth_eye_hard_train/img_154_keypoints.csv
Dataset/synth_eye_hard_train/img_155_original.png,Dataset/synth_eye_hard_train/img_155_transformed_0.png,0.9546284173313287,0.1051525918738908,0.1914807909668073,0.1243881587445658,0.97649410042357,-0.1467452496381744,Dataset/Dataset-processed/30-12-2559/3042768/c/3042768_20161230__L_c2-1.jpg,Dataset/synth_eye_hard_train/img_155_keypoints.csv
Dataset/synth_eye_hard_train/img_156_original.png,Dataset/synth_eye_hard_train/img_156_transformed_0.png,0.8636691467716989,-0.0096796083600893,-0.1520032530138203,0.0677830896944685,0.8963957183862117,0.101151222923434,Dataset/Dataset-processed/30-12-2559/3042768/c/3042768_20161230__L_c1-1.jpg,Dataset/synth_eye_hard_train/img_156_keypoints.csv
Dataset/synth_eye_hard_train/img_157_original.png,Dataset/synth_eye_hard_train/img_157_transformed_0.png,0.931706377059252,-0.0870801228598149,-0.1512292298668068,0.1404036229718553,0.8975500559350409,-0.1210481618489891,Dataset/Dataset-processed/30-12-2559/3042768/c/3042768_20161230__L_c1.jpg,Dataset/synth_eye_hard_train/img_157_keypoints.csv
Dataset/synth_eye_hard_train/img_158_original.png,Dataset/synth_eye_hard_train/img_158_transformed_0.png,0.8505350226758045,-0.0726963780845236,0.1952121869131295,0.193857772417172,1.1525276549024426,0.1548675862965191,Dataset/Dataset-processed/30-12-2559/3042768/c/3042768_20161230__L_c3-1.jpg,Dataset/synth_eye_hard_train/img_158_keypoints.csv
Dataset/synth_eye_hard_train/img_159_original.png,Dataset/synth_eye_hard_train/img_159_transformed_0.png,1.0063103287796449,-0.0402710280909124,0.0063562555330859,0.1203102851222314,0.9690682173174298,-0.0345314284196557,Dataset/Dataset-processed/30-12-2559/3236468/c/3236468_20161230__R_c1-1.jpg,Dataset/synth_eye_hard_train/img_159_keypoints.csv
Dataset/synth_eye_hard_train/img_160_original.png,Dataset/synth_eye_hard_train/img_160_transformed_0.png,0.8367353072277505,0.0432811749749434,-0.0668409944734949,0.1101741773441726,1.1085293916882797,0.1695048252840126,Dataset/Dataset-processed/30-12-2559/3236468/c/3236468_20161230__R_c3.jpg,Dataset/synth_eye_hard_train/img_160_keypoints.csv
Dataset/synth_eye_hard_train/img_161_original.png,Dataset/synth_eye_hard_train/img_161_transformed_0.png,0.859809634218013,-0.1608968031680177,-0.1340129571439768,-0.1397764431598528,1.0419100407349668,-0.0894586035019212,Dataset/Dataset-processed/30-12-2559/3236468/c/3236468_20161230__R_c1.jpg,Dataset/synth_eye_hard_train/img_161_keypoints.csv
Dataset/synth_eye_hard_train/img_162_original.png,Dataset/synth_eye_hard_train/img_162_transformed_0.png,1.198942687965745,0.0305538823100656,-0.1720946660004881,0.0433121562444935,1.0570229423056172,0.1736980616356067,Dataset/Dataset-processed/30-12-2559/3236468/c/3236468_20161230__R_c2-1.jpg,Dataset/synth_eye_hard_train/img_162_keypoints.csv
Dataset/synth_eye_hard_train/img_163_original.png,Dataset/synth_eye_hard_train/img_163_transformed_0.png,0.8821080869225861,0.0174438486378257,-0.105423946952459,-0.1020604313317262,1.1552626901265914,-0.1920633036555847,Dataset/Dataset-processed/30-12-2559/3236468/c/3236468_20161230__R_c2.jpg,Dataset/synth_eye_hard_train/img_163_keypoints.csv
Dataset/synth_eye_hard_train/img_164_original.png,Dataset/synth_eye_hard_train/img_164_transformed_0.png,1.0898833840382207,0.0251331717030701,0.0118614660712147,-0.0219945959971658,0.8209884533608348,0.099154655146726,Dataset/Dataset-processed/23-12-2559/2438008/b1/2438008_20161223__L_b2-1.jpg,Dataset/synth_eye_hard_train/img_164_keypoints.csv
Dataset/synth_eye_hard_train/img_165_original.png,Dataset/synth_eye_hard_train/img_165_transformed_0.png,1.046522882878559,0.0373228340520042,0.1355137840199393,0.0502071498360459,0.8156370412581037,-0.0612514653595404,Dataset/Dataset-processed/23-12-2559/2438008/b1/2438008_20161223__L_b3.jpg,Dataset/synth_eye_hard_train/img_165_keypoints.csv
Dataset/synth_eye_hard_train/img_166_original.png,Dataset/synth_eye_hard_train/img_166_transformed_0.png,0.8891359310288657,0.1775638077768722,-0.1835883668845218,-0.1365922682881974,1.1459548658039718,-0.073963578354676,Dataset/Dataset-processed/23-12-2559/2438008/b1/2438008_20161223__L_b2.jpg,Dataset/synth_eye_hard_train/img_166_keypoints.csv
Dataset/synth_eye_hard_train/img_167_original.png,Dataset/synth_eye_hard_train/img_167_transformed_0.png,1.1943005858884206,0.1272041462204637,0.0045072152765326,-0.1082408200154416,1.130461846784647,-0.0864461135565036,Dataset/Dataset-processed/23-12-2559/2438008/b1/2438008_20161223__L_b3-1.jpg,Dataset/synth_eye_hard_train/img_167_keypoints.csv
Dataset/synth_eye_hard_train/img_168_original.png,Dataset/synth_eye_hard_train/img_168_transformed_0.png,0.8819015721637289,0.1521449461737072,-0.140305025722176,-0.099687745676252,1.0954020681972163,0.1585389555538932,Dataset/Dataset-processed/23-12-2559/2438008/b1/2438008_20161223__L_b1-1.jpg,Dataset/synth_eye_hard_train/img_168_keypoints.csv
Dataset/synth_eye_hard_train/img_169_original.png,Dataset/synth_eye_hard_train/img_169_transformed_0.png,0.8031730452113823,-0.0911129144300537,-0.058484501884013,-0.1338684154630438,0.8682197949486661,0.1727119999298887,Dataset/Dataset-processed/23-12-2559/3691745/b1/3691745_20161223__R_b2-1.jpg,Dataset/synth_eye_hard_train/img_169_keypoints.csv
Dataset/synth_eye_hard_train/img_170_original.png,Dataset/synth_eye_hard_train/img_170_transformed_0.png,1.1921609732105038,0.099680333484278,-0.1111087155615374,0.0081561081532171,1.039667389781273,-0.1690824074993981,Dataset/Dataset-processed/23-12-2559/3691745/b1/3691745_20161223__R_b3-1.jpg,Dataset/synth_eye_hard_train/img_170_keypoints.csv
Dataset/synth_eye_hard_train/img_171_original.png,Dataset/synth_eye_hard_train/img_171_transformed_0.png,0.86173708479706,0.1404057274499749,0.1239017523640479,0.0275993973717056,1.0435884526201924,0.1342629228822955,Dataset/Dataset-processed/23-12-2559/3691745/b1/3691745_20161223__R_b1.jpg,Dataset/synth_eye_hard_train/img_171_keypoints.csv
Dataset/synth_eye_hard_train/img_172_original.png,Dataset/synth_eye_hard_train/img_172_transformed_0.png,0.9406831816857556,0.0151250021618647,-0.0281793216264269,0.1754072784262598,1.0355506098771348,-0.157789844692151,Dataset/Dataset-processed/23-12-2559/3691745/b1/3691745_20161223__R_b2.jpg,Dataset/synth_eye_hard_train/img_172_keypoints.csv
Dataset/synth_eye_hard_train/img_173_original.png,Dataset/synth_eye_hard_train/img_173_transformed_0.png,0.9311320324064244,0.100989980778761,0.1079287029843209,0.1708311036345386,1.0911122952850951,-0.1018447472992085,Dataset/Dataset-processed/23-12-2559/3691745/b1/3691745_20161223__R_b3.jpg,Dataset/synth_eye_hard_train/img_173_keypoints.csv
Dataset/synth_eye_hard_train/img_174_original.png,Dataset/synth_eye_hard_train/img_174_transformed_0.png,0.9236139582818604,-0.0761654831985172,0.1912374753149731,0.0305092858569339,1.152419719623964,0.11693772487225,Dataset/Dataset-processed/23-12-2559/3691745/c1/3691745_20161223__R_c3-1.jpg,Dataset/synth_eye_hard_train/img_174_keypoints.csv
Dataset/synth_eye_hard_train/img_175_original.png,Dataset/synth_eye_hard_train/img_175_transformed_0.png,0.924614527944242,0.112467916622409,0.0836359989496146,-0.1304468575741617,0.9612090692696266,-0.029711118167159,Dataset/Dataset-processed/23-12-2559/3691745/c1/3691745_20161223__R_c2-1.jpg,Dataset/synth_eye_hard_train/img_175_keypoints.csv
Dataset/synth_eye_hard_train/img_176_original.png,Dataset/synth_eye_hard_train/img_176_transformed_0.png,1.156205070046809,0.0380692913203938,-0.0065660210220589,-0.0046778169776379,0.8565712649327869,-0.0280861101465658,Dataset/Dataset-processed/23-12-2559/3691745/c1/3691745_20161223__R_c2.jpg,Dataset/synth_eye_hard_train/img_176_keypoints.csv
Dataset/synth_eye_hard_train/img_177_original.png,Dataset/synth_eye_hard_train/img_177_transformed_0.png,1.086649523984065,-0.0682799399371451,-0.0727183734300138,0.1300874151726203,0.8496377536008966,0.1353394402188282,Dataset/Dataset-processed/23-12-2559/3691745/c1/3691745_20161223__R_c3.jpg,Dataset/synth_eye_hard_train/img_177_keypoints.csv
Dataset/synth_eye_hard_train/img_178_original.png,Dataset/synth_eye_hard_train/img_178_transformed_0.png,0.8040689540722293,-0.0283016180451187,-0.1616769916818631,0.0639580871210002,1.1852665484821214,0.185145889473091,Dataset/Dataset-processed/23-12-2559/3691745/c1/3691745_20161223__R_c1.jpg,Dataset/synth_eye_hard_train/img_178_keypoints.csv
Dataset/synth_eye_hard_train/img_179_original.png,Dataset/synth_eye_hard_train/img_179_transformed_0.png,1.0078287273036262,0.1494367462235472,-0.0466666872531294,-0.1131781986170588,1.000223937831752,0.057709509887972,Dataset/Dataset-processed/23-12-2559/1426104/b1/1426104_20161223__Image_R_b2-1.jpg,Dataset/synth_eye_hard_train/img_179_keypoints.csv
Dataset/synth_eye_hard_train/img_180_original.png,Dataset/synth_eye_hard_train/img_180_transformed_0.png,1.088217526488894,0.0832955569882979,0.0288237390536392,0.161517801000438,0.9206503371887927,-0.113218962992836,Dataset/Dataset-processed/23-12-2559/1426104/b1/1426104_20161223__Image_R_b1.jpg,Dataset/synth_eye_hard_train/img_180_keypoints.csv
Dataset/synth_eye_hard_train/img_181_original.png,Dataset/synth_eye_hard_train/img_181_transformed_0.png,0.9997690113245784,0.1820125987752638,0.1120536513298214,0.1043024675241717,1.1923390711199124,0.1768929822762986,Dataset/Dataset-processed/23-12-2559/1426104/b1/1426104_20161223__Image_R_b3-1.jpg,Dataset/synth_eye_hard_train/img_181_keypoints.csv
Dataset/synth_eye_hard_train/img_182_original.png,Dataset/synth_eye_hard_train/img_182_transformed_0.png,0.9772436471193828,0.1257718280114813,-0.020264139819328,-0.0924901839075031,0.912297824390582,-0.0025855328903937,Dataset/Dataset-processed/23-12-2559/1426104/b1/1426104_20161223__Image_R_b2.jpg,Dataset/synth_eye_hard_train/img_182_keypoints.csv
Dataset/synth_eye_hard_train/img_183_original.png,Dataset/synth_eye_hard_train/img_183_transformed_0.png,0.8587254019650594,-0.1503632978411966,-0.0040578186640679,-0.0556483823879027,1.1450471204620034,-0.1945923364153874,Dataset/Dataset-processed/23-12-2559/1426104/b1/1426104_20161223__Image_R_b3.jpg,Dataset/synth_eye_hard_train/img_183_keypoints.csv
Dataset/synth_eye_hard_train/img_184_original.png,Dataset/synth_eye_hard_train/img_184_transformed_0.png,0.8199633992829651,0.1343976353110009,0.0887045306375174,0.1457566276384387,0.8114602730586659,0.1477866821909221,Dataset/Dataset-processed/23-12-2559/1426104/c2/1426104_20161223__L_c1-1.jpg,Dataset/synth_eye_hard_train/img_184_keypoints.csv
Dataset/synth_eye_hard_train/img_185_original.png,Dataset/synth_eye_hard_train/img_185_transformed_0.png,0.8864880613258161,-0.0624712627656313,0.1514409695915309,0.1453235383406991,1.1331834229171838,-0.1664593171525097,Dataset/Dataset-processed/23-12-2559/1426104/c2/1426104_20161223__L_c2.jpg,Dataset/synth_eye_hard_train/img_185_keypoints.csv
Dataset/synth_eye_hard_train/img_186_original.png,Dataset/synth_eye_hard_train/img_186_transformed_0.png,1.080738992203416,-0.1178662827254759,0.0650168236623097,0.0845798521388258,1.1870698328300735,-0.000520172544098,Dataset/Dataset-processed/23-12-2559/1426104/c2/1426104_20161223__L_c1.jpg,Dataset/synth_eye_hard_train/img_186_keypoints.csv
Dataset/synth_eye_hard_train/img_187_original.png,Dataset/synth_eye_hard_train/img_187_transformed_0.png,0.8333616623061584,-0.1228369887946271,-0.0332801291252517,-0.0713863283390308,0.8526444719883494,-0.0684571901278063,Dataset/Dataset-processed/23-12-2559/1426104/c2/1426104_20161223__L_c3-1.jpg,Dataset/synth_eye_hard_train/img_187_keypoints.csv
Dataset/synth_eye_hard_train/img_188_original.png,Dataset/synth_eye_hard_train/img_188_transformed_0.png,0.9541630426324528,-0.0606659326146782,0.0690481735974296,0.0758580379160961,1.0568927309601173,0.1043552221475008,Dataset/Dataset-processed/23-12-2559/1426104/c2/1426104_20161223__L_c2-1.jpg,Dataset/synth_eye_hard_train/img_188_keypoints.csv
Dataset/synth_eye_hard_train/img_189_original.png,Dataset/synth_eye_hard_train/img_189_transformed_0.png,0.837324354292425,0.0391346737028933,0.0287485312608428,0.1860125197139978,0.9198344504911496,-0.1084915534820016,Dataset/Dataset-processed/23-12-2559/3553023/b/3553023_20161223__R_b2-1.jpg,Dataset/synth_eye_hard_train/img_189_keypoints.csv
Dataset/synth_eye_hard_train/img_190_original.png,Dataset/synth_eye_hard_train/img_190_transformed_0.png,0.8078532966508667,-0.189422502472846,-0.1641298990354118,-0.0687226886726838,1.043709316732803,0.0332577477037927,Dataset/Dataset-processed/23-12-2559/3553023/b/3553023_20161223__R_b3-1.jpg,Dataset/synth_eye_hard_train/img_190_keypoints.csv
Dataset/synth_eye_hard_train/img_191_original.png,Dataset/synth_eye_hard_train/img_191_transformed_0.png,1.1345988009402852,-0.0999269903494991,-0.0449855007318622,0.16675600837691,0.9380282161432086,-0.1901355295917789,Dataset/Dataset-processed/23-12-2559/3553023/b/3553023_20161223__R_b3.jpg,Dataset/synth_eye_hard_train/img_191_keypoints.csv
Dataset/synth_eye_hard_train/img_192_original.png,Dataset/synth_eye_hard_train/img_192_transformed_0.png,1.0495588225222632,-0.1892596170020957,-0.0069975564707442,0.0256118629610012,1.1543170991060003,-0.1665731494803629,Dataset/Dataset-processed/23-12-2559/3553023/b/3553023_20161223__R_b1-1.jpg,Dataset/synth_eye_hard_train/img_192_keypoints.csv
Dataset/synth_eye_hard_train/img_193_original.png,Dataset/synth_eye_hard_train/img_193_transformed_0.png,0.8128073815182953,-0.1924543350990335,0.052152106672963,0.0049647473707373,1.095610959763487,-0.0443582922611491,Dataset/Dataset-processed/23-12-2559/3553023/b/3553023_20161223__R_b1.jpg,Dataset/synth_eye_hard_train/img_193_keypoints.csv
Dataset/synth_eye_hard_train/img_194_original.png,Dataset/synth_eye_hard_train/img_194_transformed_0.png,0.9250245699623828,0.0426307788761537,0.1612291990431053,-0.1792530232131081,0.9876114192658404,0.1370948660407805,Dataset/Dataset-processed/23-12-2559/3553023/c/3553023_20161223__R_c3-1.jpg,Dataset/synth_eye_hard_train/img_194_keypoints.csv
Dataset/synth_eye_hard_train/img_195_original.png,Dataset/synth_eye_hard_train/img_195_transformed_0.png,1.141560634124173,0.1337520390731121,0.1156365918648594,-0.0160952546967963,0.8322129215211002,-0.0979962736250848,Dataset/Dataset-processed/23-12-2559/3553023/c/3553023_20161223__R_c2.jpg,Dataset/synth_eye_hard_train/img_195_keypoints.csv
Dataset/synth_eye_hard_train/img_196_original.png,Dataset/synth_eye_hard_train/img_196_transformed_0.png,0.9086379430984144,0.1156205500419377,0.0685421600109508,0.1203922115895835,1.109290464295293,-0.1534628369289166,Dataset/Dataset-processed/23-12-2559/3553023/c/3553023_20161223__R_c3.jpg,Dataset/synth_eye_hard_train/img_196_keypoints.csv
Dataset/synth_eye_hard_train/img_197_original.png,Dataset/synth_eye_hard_train/img_197_transformed_0.png,1.153381952549133,-0.0552650787581512,0.1546163433023299,0.1537696975332769,0.9787956245227344,0.0486317168927479,Dataset/Dataset-processed/23-12-2559/3553023/c/3553023_20161223__R_c1-1.jpg,Dataset/synth_eye_hard_train/img_197_keypoints.csv
Dataset/synth_eye_hard_train/img_198_original.png,Dataset/synth_eye_hard_train/img_198_transformed_0.png,1.1566571061351527,-0.0610292435105596,0.0836656427055871,-0.021292660518628,1.097154814285363,-0.1228357784133797,Dataset/Dataset-processed/23-12-2559/3553023/c/3553023_20161223__R_c1.jpg,Dataset/synth_eye_hard_train/img_198_keypoints.csv
Dataset/synth_eye_hard_train/img_199_original.png,Dataset/synth_eye_hard_train/img_199_transformed_0.png,0.9010977227624682,0.1723575460760281,-0.1974574709369558,0.1367507678608264,1.065180436909151,-0.0388165976528966,Dataset/Dataset-processed/23-12-2559/3752642/b1/3752642_20161223__L_b2.jpg,Dataset/synth_eye_hard_train/img_199_keypoints.csv
